department;municipality;dane code;dane code dept;longitude;latitude;node;region
CAQUETA;PUERTO RICO;18592;18;-75,157,604;1,909,063;Con Nodo;Región2
SANTANDER;BUCARAMANGA;68001;68;-73,132,562;711,647;Con Nodo;Región1
HUILA;NEIVA;41001;41;-75,277,327;2,935,432;Con Nodo;Región1
NARIÑO;PASTO;52001;52;-77,278,795;1,212,352;Con Nodo;Región1
CASANARE;YOPAL;85001;85;-72,396,132;5,327,102;Con Nodo;Región1
BOGOTA. D.C.;BOGOTA. D.C.;11001;11;-74,106,992;4,649,251;Con Nodo;Región1
CAUCA;POPAYAN;19001;19;-76,599,377;2,459,641;Con Nodo;Región1
ARAUCA;TAME;81794;81;-71,754,427;6,453,324;Con Nodo;Región3
BOYACA;TUNJA;15001;15;-73,355,539;553,988;Con Nodo;Región1
META;VILLAVICENCIO;50001;50;-73,622,601;4,126,369;Con Nodo;Región1
NORTE DE SANTANDER;CUCUTA;54001;54;-72,508,178;7,905,725;Con Nodo;Región1
BOYACA;CHIQUINQUIRA;15176;15;-73,818,745;561,379;Con Nodo;Región1
NORTE DE SANTANDER;OCAÑA;54498;54;-7,335,607;8,248,574;Sin Nodo;Región1
NORTE DE SANTANDER;PAMPLONA;54518;54;-72,647,714;7,372,802;Con Nodo;Región1
CAQUETA;SAN JOSE DEL FRAGUA;18610;18;-75,973,796;1,330,266;Con Nodo;Región2
RISARALDA;LA VIRGINIA;66400;66;-75,880,394;4,896,624;Con Nodo;Región1
CALDAS;VICTORIA;17867;17;-74,911,239;5,317,437;Con Nodo;Región1
BOYACA;GACHANTIVA;15293;15;-73,549,092;5,751,891;Con Nodo;Región3
CUNDINAMARCA;PAIME;25518;25;-74,152,213;5,370,487;Con Nodo;Región3
CUNDINAMARCA;VILLAGOMEZ;25871;25;-74,195,145;5,273,024;Con Nodo;Región1
CUNDINAMARCA;YACOPI;25885;25;-7,433,806;5,459,272;Con Nodo;Región1
RISARALDA;PUEBLO RICO;66572;66;-76,030,801;5,222,043;Con Nodo;Región2
CUNDINAMARCA;LA PEÑA;25398;25;-74,394,105;5,198,945;Con Nodo;Región3
CUNDINAMARCA;TOPAIPI;25823;25;-74,300,626;5,336,224;Con Nodo;Región1
SANTANDER;ARATOCA;68051;68;-7,301,786;6,694,418;Con Nodo;Región2
QUINDIO;SALENTO;63690;63;-75,570,844;4,637,157;Con Nodo;Región1
NARIÑO;SAN ANDRES DE TUMACO;52835;52;-78,764,073;1,807,399;Con Nodo;Región2
CUNDINAMARCA;SAN ANTONIO DEL TEQUENDAMA;25645;25;-74,351,443;4,616,138;Con Nodo;Región2
CHOCO;ATRATO;27050;27;-76,635,674;5,531,419;Con Nodo;Región3
SANTANDER;CIMITARRA;68190;68;-73,953,011;6,320,886;Con Nodo;Región1
META;SAN MARTIN;50689;50;-73,695,812;3,701,899;Con Nodo;Región2
NARIÑO;BARBACOAS;52079;52;-7,813,765;1,671,733;Con Nodo;Región3
BOYACA;SOCHA;15757;15;-72,691,963;5,996,717;Con Nodo;Región2
CALDAS;MANIZALES;17001;17;-75,491,025;5,057,657;Con Nodo;Región1
NORTE DE SANTANDER;RAGONVALIA;54599;54;-72,476,708;7,577,861;Con Nodo;Región3
NORTE DE SANTANDER;SARDINATA;54720;54;-72,800,577;8,082,105;Sin Nodo;Región2
TOLIMA;ALPUJARRA;73024;73;-749,329;3,391,548;Con Nodo;Región3
CHOCO;ISTMINA;27361;27;-7,668,518;5,153,946;Con Nodo;Región3
RISARALDA;PEREIRA;66001;66;-75,719,711;4,804,985;Con Nodo;Región1
NORTE DE SANTANDER;EL TARRA;54250;54;-7,309,614;8,574,281;Con Nodo;Región3
NORTE DE SANTANDER;BUCARASICA;54109;54;-72,868,231;8,041,299;Con Nodo;Región3
NORTE DE SANTANDER;CONVENCION;54206;54;-733,372;8,470,374;Con Nodo;Región2
NORTE DE SANTANDER;TEORAMA;54800;54;-7,328,707;8,438,134;Con Nodo;Región3
NORTE DE SANTANDER;ARBOLEDAS;54051;54;-72,798,952;7,642,985;Con Nodo;Región3
TOLIMA;CHAPARRAL;73168;73;-75,480,765;3,722,918;Con Nodo;Región2
PUTUMAYO;MOCOA;86001;86;-76,654,238;1,151,172;Con Nodo;Región1
CHOCO;QUIBDO;27001;27;-76,638,144;5,682,166;Con Nodo;Región1
META;GRANADA;50313;50;-73,705,815;3,547,147;Con Nodo;Región1
META;ACACIAS;50006;50;-73,766,034;3,990,413;Con Nodo;Región2
GUAVIARE;SAN JOSE DEL GUAVIARE;95001;95;-72,639,254;2,565,932;Con Nodo;Región2
CAQUETA;CARTAGENA DEL CHAIRA;18150;18;-74,847,867;1,332,371;Con Nodo;Región1
CAQUETA;MILAN;18460;18;-75,506,926;129,021;Con Nodo;Región2
CASANARE;MANI;85139;85;-72,281,384;481,681;Con Nodo;Región3
CAQUETA;SOLANO;18756;18;-75,253,702;0,699077;Con Nodo;Por Proyecto
HUILA;NATAGA;41483;41;-75,808,756;25,451;Con Nodo;Región1
HUILA;YAGUARA;41885;41;-75,518,023;2,664,694;Con Nodo;Región1
VALLE DEL CAUCA;JAMUNDI;76364;76;-76,538,472;3,258,751;Con Nodo;Región1
NARIÑO;TAMINANGO;52786;52;-772,808;1,570,358;Con Nodo;Región1
TOLIMA;LIBANO;73411;73;-75,061,959;492,042;Con Nodo;Región1
CAQUETA;FLORENCIA;18001;18;-75,609,831;1,618,196;Con Nodo;Región1
CALDAS;PALESTINA;17524;17;-75,624,577;5,017,879;Con Nodo;Región1
RISARALDA;SANTUARIO;66687;66;-75,964,628;5,074,911;Con Nodo;Región1
RISARALDA;MARSELLA;66440;66;-7,573,879;4,935,771;Con Nodo;Región1
BOLIVAR;CALAMAR;13140;13;-74,916,144;10,250,431;Con Nodo;Región1
BOYACA;SAMACA;15646;15;-73,485,589;5,492,161;Con Nodo;Región2
PUTUMAYO;PUERTO ASIS;86568;86;-76,496,887;0,505627;Con Nodo;Región2
ARAUCA;ARAUCA;81001;81;-70,747,408;7,072,726;Con Nodo;Región1
TOLIMA;VENADILLO;73861;73;-74,929,333;4,717,878;Con Nodo;Región2
SANTANDER;VELEZ;68861;68;-73,672,447;6,009,275;Con Nodo;Región1
BOYACA;SANTANA;15686;15;-73,481,639;6,056,866;Con Nodo;Región1
NORTE DE SANTANDER;BOCHALEMA;54099;54;-7,264,701;7,612,192;Con Nodo;Región2
CUNDINAMARCA;SAN FRANCISCO;25658;25;-74,289,672;4,972,917;Con Nodo;Región1
CUNDINAMARCA;GUAYABETAL;25335;25;-73,815,107;4,215,306;Con Nodo;Región1
CUNDINAMARCA;TENA;25797;25;-74,389,193;4,655,286;Con Nodo;Región1
VALLE DEL CAUCA;DAGUA;76233;76;-7,668,886;3,657,318;Con Nodo;Región1
BOYACA;GUATEQUE;15322;15;-73,471,207;5,007,321;Con Nodo;Región1
CAUCA;MIRANDA;19455;19;-76,228,722;3,254,651;Con Nodo;Región2
ANTIOQUIA;YONDO;5893;5;-73,912,445;700,396;Con Nodo;Región2
VALLE DEL CAUCA;FLORIDA;76275;76;-76,234,199;3,324,118;Con Nodo;Región1
CALDAS;VILLAMARIA;17873;17;-75,502,487;5,038,925;Con Nodo;Región1
BOLIVAR;CORDOBA;13212;13;-74,827,399;9,586,942;Sin Nodo;Región1
CUNDINAMARCA;LA CALERA;25377;25;-73,968,161;4,721,104;Con Nodo;Región1
ANTIOQUIA;SAN VICENTE;5674;5;-75,332,616;6,282,164;Con Nodo;Región1
SANTANDER;PUENTE NACIONAL;68572;68;-73,677,567;5,878,381;Con Nodo;Región2
CUNDINAMARCA;FOMEQUE;25279;25;-73,892,523;4,485,474;Con Nodo;Región1
CUNDINAMARCA;QUETAME;25594;25;-73,863,214;4,329,884;Con Nodo;Región1
HUILA;LA PLATA;41396;41;-75,891,254;2,389,263;Con Nodo;Región1
HUILA;TERUEL;41801;41;-75,567,034;2,740,968;Con Nodo;Región1
HUILA;PALESTINA;41530;41;-76,133,251;1,723,725;Con Nodo;Región2
BOYACA;SABOYA;15632;15;-73,764,456;5,697,756;Con Nodo;Región3
SANTANDER;BARBOSA;68077;68;-73,615,965;5,932,531;Sin Nodo;Región1
CASANARE;OROCUE;85230;85;-71,338,533;4,790,258;Con Nodo;Región1
NORTE DE SANTANDER;HERRAN;54347;54;-72,483,519;7,506,541;Con Nodo;Región3
CASANARE;PAZ DE ARIPORO;85250;85;-71,890,348;5,879,827;Con Nodo;Región2
SANTANDER;CALIFORNIA;68132;68;-72,946,491;7,347,989;Con Nodo;Región3
SANTANDER;TONA;68820;68;-72,967,023;7,201,417;Con Nodo;Región3
BOYACA;GUAYATA;15325;15;-73,489,698;4,967,122;Con Nodo;Región2
CUNDINAMARCA;MACHETA;25426;25;-73,608,226;508,007;Con Nodo;Región1
SANTANDER;VILLANUEVA;68872;68;-73,174,307;6,670,078;Con Nodo;Región2
NORTE DE SANTANDER;CHITAGA;54174;54;-72,665,468;7,138,187;Con Nodo;Región2
NORTE DE SANTANDER;GRAMALOTE;54313;54;-72,787,233;7,916,946;Con Nodo;Región1
NORTE DE SANTANDER;MUTISCUA;54480;54;-72,747,169;7,300,469;Con Nodo;Región3
NORTE DE SANTANDER;LA ESPERANZA;54385;54;-73,328,126;7,639,839;Con Nodo;Región1
NORTE DE SANTANDER;SALAZAR;54660;54;-72,813,064;7,773,683;Con Nodo;Región1
NORTE DE SANTANDER;LOURDES;54418;54;-72,832,376;7,945,631;Con Nodo;Región2
NORTE DE SANTANDER;SILOS;54743;54;-72,757,128;7,204,736;Con Nodo;Región3
NORTE DE SANTANDER;PAMPLONITA;54520;54;-72,639,111;7,436,745;Con Nodo;Región1
NORTE DE SANTANDER;CACOTA;54125;54;-72,642,059;7,268,705;Con Nodo;Región3
NORTE DE SANTANDER;LABATECA;54377;54;-72,495,983;7,298,414;Con Nodo;Región3
CUNDINAMARCA;PUERTO SALGAR;25572;25;-74,653,695;5,465,413;Tx con Terceros;Región1
CAQUETA;EL PAUJIL;18256;18;-75,326,093;1,570,226;Con Nodo;Región3
TOLIMA;ALVARADO;73026;73;-74,953,418;4,567,356;Con Nodo;Región2
BOYACA;BRICEÑO;15106;15;-7,392,326;5,690,879;Con Nodo;Región2
BOYACA;PAUNA;15531;15;-73,978,449;5,656,323;Con Nodo;Región1
BOYACA;BUENAVISTA;15109;15;-7,394,217;5,512,594;Con Nodo;Región1
BOYACA;MARIPI;15442;15;-7,400,405;5,550,091;Con Nodo;Región2
BOYACA;OTANCHE;15507;15;-74,180,965;5,657,536;Con Nodo;Región2
CAQUETA;SAN VICENTE DEL CAGUAN;18753;18;-74,767,894;2,119,413;Con Nodo;Región2
CAUCA;MORALES;19473;19;-76,629,106;2,754,684;Con Nodo;Región3
BOYACA;SOGAMOSO;15759;15;-72,924,355;5,723,976;Con Nodo;Región1
BOYACA;CUBARA;15223;15;-72,107,939;6,997,275;Con Nodo;Región2
NORTE DE SANTANDER;SAN CALIXTO;54670;54;-73,208,622;840,214;Con Nodo;Región3
NORTE DE SANTANDER;EL CARMEN;54245;54;-73,446,687;8,510,579;Con Nodo;Región2
ANTIOQUIA;BELLO;5088;5;-75,555,245;6,333,587;Sin Nodo;Región1
ANTIOQUIA;MEDELLIN;5001;5;-75,581,775;6,246,631;Con Nodo;Región1
BOYACA;DUITAMA;15238;15;-7,303,063;5,822,964;Con Nodo;Región1
CESAR;AGUACHICA;20011;20;-73,614,027;8,306,811;Sin Nodo;Región1
CORDOBA;SAHAGUN;23660;23;-75,445,834;8,943,048;Sin Nodo;Región1
CUNDINAMARCA;FACATATIVA;25269;25;-74,350,085;4,813,353;Sin Nodo;Región1
CUNDINAMARCA;FUSAGASUGA;25290;25;-7,437,543;4,336,723;Sin Nodo;Región1
CUNDINAMARCA;GIRARDOT;25307;25;-74,798,201;4,313,069;Sin Nodo;Región1
CUNDINAMARCA;SOACHA;25754;25;-74,215,463;4,579,268;Con Nodo;Región1
HUILA;PITALITO;41551;41;-76,049,441;1,852,631;Con Nodo;Región1
QUINDIO;ARMENIA;63001;63;-75,680,786;453,598;Con Nodo;Región1
SANTANDER;FLORIDABLANCA;68276;68;-73,099,104;7,072,329;Con Nodo;Región1
SANTANDER;SAN GIL;68679;68;-73,134,776;6,551,952;Con Nodo;Región1
TOLIMA;ESPINAL;73268;73;-74,885,446;4,151,314;Con Nodo;Región1
VALLE DEL CAUCA;GUADALAJARA DE BUGA;76111;76;-76,298,979;3,900,736;Con Nodo;Región1
VALLE DEL CAUCA;PALMIRA;76520;76;-76,298,846;3,531,544;Sin Nodo;Región1
VALLE DEL CAUCA;TULUA;76834;76;-76,197,731;4,085,399;Con Nodo;Región1
META;GUAMAL;50318;50;-73,768,815;3,879,657;Con Nodo;Región1
CAUCA;BALBOA;19075;19;-77,215,773;2,040,998;Con Nodo;Región2
CAUCA;CAJIBIO;19130;19;-76,570,682;2,623,371;Con Nodo;Región2
CAUCA;MERCADERES;19450;19;-77,164,319;1,789,193;Con Nodo;Región2
META;PUERTO LOPEZ;50573;50;-72,957,324;409,349;Con Nodo;Región2
GUAVIARE;EL RETORNO;95025;95;-72,627,304;2,330,164;Con Nodo;Región2
GUAVIARE;CALAMAR;95015;95;-72,655,197;1,960,982;Con Nodo;Región2
CAQUETA;BELEN DE LOS ANDAQUIES;18094;18;-75,872,405;1,415,812;Con Nodo;Región2
CALDAS;RISARALDA;17616;17;-7,576,722;5,164,509;Con Nodo;Región1
CALDAS;MARULANDA;17446;17;-75,259,721;5,284,304;Con Nodo;Región3
NARIÑO;PROVIDENCIA;52565;52;-77,596,794;1,237,814;Con Nodo;Región1
NARIÑO;SAN BERNARDO;52685;52;-770,475;1,513,762;Con Nodo;Región1
NARIÑO;BELEN;52083;52;-77,015,619;1,595,681;Con Nodo;Región1
CHOCO;TADO;27787;27;-76,558,571;5,264,873;Con Nodo;Región2
SANTANDER;FLORIAN;68271;68;-7,397,143;5,804,659;Con Nodo;Región2
CASANARE;MONTERREY;85162;85;-72,894,065;4,877,017;Con Nodo;Región1
NARIÑO;LLORENTE (Tumaco);52835031;52;-78,764,073;1,807,399;Con Nodo;Región2
PUTUMAYO;SIBUNDOY;86749;86;-76,917,814;120,026;Con Nodo;Región2
CHOCO;MEDIO BAUDO;27430;27;-76,950,891;5,192,471;Con Nodo;Región3
ANTIOQUIA;NARIÑO;5483;5;-75,176,262;5,610,777;Con Nodo;Región1
TOLIMA;PLANADAS;73555;73;-75,644,163;3,197,911;Con Nodo;Región2
META;PUERTO CONCORDIA;50450;50;-72,760,209;2,624,006;Con Nodo;Región3
SANTANDER;PUERTO PARRA;68573;68;-74,056,129;6,650,785;Con Nodo;Región1
BOYACA;PAIPA;15516;15;-7,311,782;5,779,894;Sin Nodo;Región1
BOYACA;SOCOTA;15755;15;-72,636,653;6,041,162;Con Nodo;Región2
NARIÑO;CUMBAL;52227;52;-77,792,505;0,906367;Con Nodo;Región1
TOLIMA;RIOBLANCO;73616;73;-75,644,069;3,529,932;Con Nodo;Región3
NARIÑO;RICAURTE;52612;52;-77,995,153;1,212,492;Con Nodo;Región1
ANTIOQUIA;ABEJORRAL;5002;5;-75,428,739;5,789,315;Con Nodo;Región2
BOLIVAR;SAN PABLO;13670;13;-73,924,602;7,476,747;Sin Nodo;Región2
CAQUETA;CURILLO;18205;18;-75,919,205;1,033,473;Con Nodo;Región2
TOLIMA;ROVIRA;73624;73;-75,240,648;4,239,019;Con Nodo;Región2
BOYACA;MUZO;15480;15;-7,410,269;5,532,758;Con Nodo;Región3
CHOCO;UNION PANAMERICANA;27810;27;-76,630,143;5,281,108;Con Nodo;Región3
CHOCO;CONDOTO;27205;27;-76,650,683;5,091,003;Con Nodo;Región3
CUNDINAMARCA;RICAURTE;25612;25;-74,772,861;4,282,113;Con Nodo;Región1
BOYACA;AQUITANIA;15047;15;-7,288,399;5,518,602;Con Nodo;Región1
CASANARE;AGUAZUL;85010;85;-72,546,838;5,172,641;Con Nodo;Región1
AMAZONAS;LETICIA;91001;91;-69,941,721;-419,895;Sin Nodo;Región1
ANTIOQUIA;CAREPA;5147;5;-76,652,652;7,755,148;Sin Nodo;Región1
ANTIOQUIA;EL CARMEN DE VIBORAL;5148;5;-75,333,901;6,082,885;Sin Nodo;Región1
ANTIOQUIA;ITAGUI;5360;5;-75,612,056;6,175,079;Sin Nodo;Región1
ANTIOQUIA;LA CEJA;5376;5;-75,429,433;6,028,062;Sin Nodo;Región1
ANTIOQUIA;APARTADO;5045;5;-76,625,279;7,882,968;Sin Nodo;Región1
ANTIOQUIA;ARBOLETES;5051;5;-76,426,708;8,849,317;Sin Nodo;Región1
ANTIOQUIA;CAUCASIA;5154;5;-75,197,996;7,977,278;Tx con Terceros;Región1
ANTIOQUIA;CHIGORODO;5172;5;-76,681,531;7,666,147;Sin Nodo;Región1
ANTIOQUIA;NECOCLI;5490;5;-76,787,271;8,434,526;Sin Nodo;Región1
ANTIOQUIA;PUERTO BERRIO;5579;5;-74,410,016;6,487,028;Sin Nodo;Región1
ANTIOQUIA;RIONEGRO;5615;5;-75,377,316;6,147,148;Con Nodo;Región1
ANTIOQUIA;SAN PEDRO;5664;5;-75,556,743;646,012;Tx con Terceros;Región1
ANTIOQUIA;SANTAFE DE ANTIOQUIA;5042;5;-75,826,648;6,556,484;Sin Nodo;Región1
ANTIOQUIA;TURBO;5837;5;-76,728,858;8,089,929;Sin Nodo;Región1
ARAUCA;ARAUQUITA;81065;81;-71,426,733;702,702;Con Nodo;Región1
ARAUCA;FORTUL;81300;81;-7,176,877;6,796,695;Con Nodo;Región2
ARAUCA;SARAVENA;81736;81;-71,872,812;6,953,926;Con Nodo;Región1
ATLANTICO;BARANOA;8078;8;-74,916,077;1,079,445;Sin Nodo;Región1
ATLANTICO;MALAMBO;8433;8;-74,776,923;10,857,086;Sin Nodo;Región1
ATLANTICO;PALMAR DE VARELA;8520;8;-74,754,765;10,738,591;Sin Nodo;Región1
ATLANTICO;SABANALARGA;8638;8;-74,921,256;10,632,091;Sin Nodo;Región1
ATLANTICO;SOLEDAD;8758;8;-74,786,054;10,909,921;Sin Nodo;Región1
ATLANTICO;BARRANQUILLA;8001;8;-74,815,546;10,977,961;Sin Nodo;Región1
BOLIVAR;ARJONA;13052;13;-75,344,332;1,025,666;Con Nodo;Región1
BOLIVAR;CARTAGENA;13001;13;-75,496,269;10,385,126;Con Nodo;Región1
BOLIVAR;SAN MARTIN DE LOBA;13667;13;-74,039,134;8,937,485;Sin Nodo;Región1
BOLIVAR;SANTA ROSA DEL SUR;13688;13;-74,052,243;7,963,938;Con Nodo;Región1
BOLIVAR;TURBACO;13836;13;-75,427,249;10,348,316;Sin Nodo;Región1
BOYACA;PUERTO BOYACA;15572;15;-74,587,782;5,976,646;Tx con Terceros;Región1
CALDAS;CHINCHINA;17174;17;-75,607,529;4,985,227;Sin Nodo;Región1
CALDAS;LA DORADA;17380;17;-74,668,819;5,460,834;Con Nodo;Región1
CALDAS;RIOSUCIO;17614;17;-75,702,104;5,423,673;Con Nodo;Región1
CALDAS;SALAMINA;17653;17;-75,487,223;5,403,025;Con Nodo;Región1
CASANARE;TRINIDAD;85430;85;-71,662,812;5,412,178;Con Nodo;Región3
CASANARE;VILLANUEVA;85440;85;-72,927,797;461,035;Con Nodo;Región1
CAUCA;PUERTO TEJADA;19573;19;-76,417,673;3,233,254;Con Nodo;Región1
CAUCA;SANTANDER DE QUILICHAO;19698;19;-76,485,141;3,015,008;Con Nodo;Región1
CESAR;CHIMICHAGUA;20175;20;-73,813,278;925,875;Con Nodo;Región1
CESAR;AGUSTIN CODAZZI;20013;20;-73,238,389;10,040,454;Con Nodo;Región1
CESAR;LA PAZ;20621;20;-73,171,365;10,387,552;Con Nodo;Región1
CESAR;SAN ALBERTO;20710;20;-73,393,889;776,111;Sin Nodo;Región1
CESAR;VALLEDUPAR;20001;20;-73,259,398;10,460,472;Con Nodo;Región1
CORDOBA;AYAPEL;23068;23;-75,146,048;8,313,838;Con Nodo;Región1
CORDOBA;BUENAVISTA;23079;23;-75,480,897;8,221,187;Con Nodo;Región1
CORDOBA;CERETE;23162;23;-75,796,093;8,888,532;Sin Nodo;Región1
CORDOBA;CHIMA;23168;23;-75,626,886;9,149,698;Con Nodo;Región1
CORDOBA;CIENAGA DE ORO;23189;23;-75,620,807;8,875,794;Sin Nodo;Región1
CORDOBA;LORICA;23417;23;-75,816,084;9,240,789;Sin Nodo;Región1
CORDOBA;MOMIL;23464;23;-7,567,796;9,240,707;Con Nodo;Región1
CORDOBA;MONTELIBANO;23466;23;-75,416,818;7,973,777;Sin Nodo;Región1
CORDOBA;MONTERIA;23001;23;-75,873,096;8,759,789;Con Nodo;Región1
CORDOBA;MOÑITOS;23500;23;-761,291;9,245,223;Con Nodo;Región1
CORDOBA;PUERTO LIBERTADOR;23580;23;-75,671,761;7,888,859;Con Nodo;Región1
CORDOBA;SAN ANTERO;23672;23;-7,576,112;9,376,434;Sin Nodo;Región1
CORDOBA;SAN PELAYO;23686;23;-75,835,615;8,958,436;Sin Nodo;Región1
CORDOBA;VALENCIA;23855;23;-76,150,756;8,255,016;Con Nodo;Región1
CORDOBA;PLANETA RICA;23555;23;-75,583,241;84,082;Sin Nodo;Región1
CORDOBA;TIERRALTA;23807;23;-76,059,797;8,170,612;Sin Nodo;Región1
CUNDINAMARCA;CAJICA;25126;25;-7,402,298;4,920,009;Sin Nodo;Región1
CUNDINAMARCA;CHIA;25175;25;-74,05;4,866,508;Con Nodo;Región1
CUNDINAMARCA;FUNZA;25286;25;-74,201,528;4,710,412;Sin Nodo;Región1
CUNDINAMARCA;MADRID;25430;25;-74,265,854;4,732,791;Sin Nodo;Región1
CUNDINAMARCA;MOSQUERA;25473;25;-74,221,154;470,653;Con Nodo;Región1
CUNDINAMARCA;VILLA DE SAN DIEGO DE UBATE;25843;25;-73,814,367;5,307,463;Con Nodo;Región1
CUNDINAMARCA;VILLETA;25875;25;-74,469,686;5,012,754;Sin Nodo;Región1
CUNDINAMARCA;ZIPAQUIRA;25899;25;-73,994,444;5,025,477;Con Nodo;Región1
GUAINIA;INIRIDA;94001;94;-67,918,613;3,866,764;Sin Nodo;Región1
LA GUAJIRA;MAICAO;44430;44;-72,242,738;11,378,535;Sin Nodo;Región1
LA GUAJIRA;RIOHACHA;44001;44;-72,911,795;11,528,588;Tx con Terceros;Región1
LA GUAJIRA;SAN JUAN DEL CESAR;44650;44;-73,000,629;10,769,546;Con Nodo;Región1
HUILA;CAMPOALEGRE;41132;41;-75,325,748;2,686,767;Con Nodo;Región1
HUILA;GARZON;41298;41;-75,627,057;2,196,493;Con Nodo;Región2
MAGDALENA;ARACATACA;47053;47;-74,186,702;10,589,791;Con Nodo;Región1
MAGDALENA;CIENAGA;47189;47;-74,241,286;11,006,654;Con Nodo;Región1
MAGDALENA;EL BANCO;47245;47;-7,397,437;9,008,503;Sin Nodo;Región1
MAGDALENA;FUNDACION;47288;47;-74,191,453;10,514,146;Sin Nodo;Región1
MAGDALENA;SANTA MARTA;47001;47;-74,199,829;11,204,679;Sin Nodo;Región1
MAGDALENA;ZONA BANANERA;47980;47;-74,140,091;10,763,024;Con Nodo;Región1
NARIÑO;IPIALES;52356;52;-77,646,367;0,827732;Con Nodo;Región1
NORTE DE SANTANDER;TIBU;54810;54;-72,734,496;8,639,891;Con Nodo;Región3
NORTE DE SANTANDER;VILLA DEL ROSARIO;54874;54;-72,469,758;7,847,672;Sin Nodo;Región1
QUINDIO;CALARCA;63130;63;-75,646,085;4,520,982;Sin Nodo;Región1
QUINDIO;MONTENEGRO;63470;63;-75,749,827;4,565,057;Con Nodo;Región1
RISARALDA;DOSQUEBRADAS;66170;66;-75,675,371;4,833,131;Con Nodo;Región1
ARCHIPIELAGO DE SAN ANDRES;SAN ANDRES;88001;88;-81,707,181;12,578,108;Sin Nodo;Región1
SANTANDER;LEBRIJA;68406;68;-73,219,524;7,113,351;Con Nodo;Región1
SANTANDER;PIEDECUESTA;68547;68;-73,054,795;6,997,245;Sin Nodo;Región1
SANTANDER;PUERTO WILCHES;68575;68;-73,899,909;7,344,057;Con Nodo;Región2
SANTANDER;SABANA DE TORRES;68655;68;-7,349,906;7,391,919;Tx con Terceros;Región1
SANTANDER;SOCORRO;68755;68;-73,261,198;646,387;Sin Nodo;Región1
SANTANDER;BARRANCABERMEJA;68081;68;-73,849,243;7,064,857;Con Nodo;Región1
SANTANDER;GIRON;68307;68;-73,166,832;7,070,432;Sin Nodo;Región1
SUCRE;COROZAL;70215;70;-75,293,048;9,318,749;Sin Nodo;Región1
SUCRE;MAJAGUAL;70429;70;-74,628,077;8,541,163;Con Nodo;Región1
SUCRE;SAMPUES;70670;70;-75,380,222;9,183,193;Sin Nodo;Región1
SUCRE;SAN MARCOS;70708;70;-75,133,831;8,661,774;Con Nodo;Región1
SUCRE;SINCELEJO;70001;70;-75,395,445;9,302,322;Con Nodo;Región1
SUCRE;TOLU VIEJO;70823;70;-7,544,085;9,451,819;Con Nodo;Región1
TOLIMA;IBAGUE;73001;73;-7,519,425;4,432,248;Con Nodo;Región1
TOLIMA;MARIQUITA;73443;73;-74,889,276;5,199,708;Sin Nodo;Región1
TOLIMA;MELGAR;73449;73;-74,641,317;4,203,655;Con Nodo;Región1
TOLIMA;PURIFICACION;73585;73;-74,935,555;3,857,246;Sin Nodo;Región2
TOLIMA;HONDA;73349;73;-7,475,699;5,211,816;Sin Nodo;Región1
VALLE DEL CAUCA;BUENAVENTURA;76109;76;-7,701,074;3,875,708;Sin Nodo;Región1
VALLE DEL CAUCA;CALI;76001;76;-7,652,133;3,413,686;Sin Nodo;Región1
VALLE DEL CAUCA;CANDELARIA;76130;76;-76,346,519;3,408,354;Sin Nodo;Región1
VALLE DEL CAUCA;CARTAGO;76147;76;-75,924,374;4,742,192;Con Nodo;Región1
VALLE DEL CAUCA;EL CERRITO;76248;76;-76,311,972;3,684,229;Sin Nodo;Región1
VALLE DEL CAUCA;YUMBO;76892;76;-76,499,893;3,540,097;Con Nodo;Región1
VALLE DEL CAUCA;ZARZAL;76895;76;-76,070,795;4,392,658;Con Nodo;Región1
VAUPES;MITU;97001;97;-70,232,641;1,253,151;Sin Nodo;Región2
VICHADA;LA PRIMAVERA;99524;99;-70,410,515;5,486,309;Con Nodo;Por Proyecto
VICHADA;PUERTO CARREÑO;99001;99;-67,487,095;6,186,636;Sin Nodo;Región1
META;LEJANIAS;50400;50;-74,023,514;3,525,115;Con Nodo;Región2
SANTANDER;CAPITANEJO;68147;68;-72,695,427;6,527,394;Con Nodo;Región2
BOYACA;PANQUEBA;15522;15;-72,459,424;6,443,416;Con Nodo;Región3
BOYACA;SOATA;15753;15;-72,684,051;6,331,945;Con Nodo;Región2
CUNDINAMARCA;LA VEGA;25402;25;-74,336,885;4,997,768;Con Nodo;Región1
CHOCO;RIO QUITO;27600;27;-76,740,684;5,483,667;Con Nodo;Región2
CUNDINAMARCA;BOJACA;25099;25;-74,344,594;4,737,205;Con Nodo;Región1
BOYACA;SATIVANORTE;15720;15;-72,708,458;6,131,132;Con Nodo;Región3
BOYACA;LA UVITA;15403;15;-72,559,982;631,616;Con Nodo;Región3
BOYACA;TIPACOQUE;15810;15;-72,691,729;6,419,203;Con Nodo;Región2
BOYACA;JERICO;15368;15;-72,571,122;6,145,735;Con Nodo;Región3
BOYACA;SAN MATEO;15673;15;-72,555,264;6,401,683;Con Nodo;Región3
BOYACA;NOBSA;15491;15;-72,937,042;5,768,046;Con Nodo;Región1
META;MESETAS;50330;50;-74,044,328;3,382,732;Con Nodo;Región1
BOYACA;SIACHOQUE;15740;15;-7,324,466;5,511,811;Con Nodo;Región2
BOYACA;TOCA;15814;15;-73,184,794;5,566,464;Con Nodo;Región2
RISARALDA;BELEN DE UMBRIA;66088;66;-75,868,334;5,200,793;Con Nodo;Región2
BOYACA;CHISCAS;15180;15;-72,500,957;6,553,136;Con Nodo;Región3
CUNDINAMARCA;SASAIMA;25718;25;-74,432,628;4,962,167;Con Nodo;Región1
BOYACA;SANTA MARIA;15690;15;-73,263,518;4,857,193;Con Nodo;Región3
HUILA;SUAZA;41770;41;-7,579,525;1,976,051;Con Nodo;Región1
BOYACA;CORRALES;15215;15;-72,844,795;5,828,064;Con Nodo;Región3
CHOCO;NOVITA;27491;27;-76,609,467;4,956,063;Con Nodo;Región3
CAUCA;TIMBIQUI;19809;19;-77,667,541;2,777,312;Con Nodo;Por Proyecto
RISARALDA;APIA;66045;66;-75,942,356;5,106,526;Con Nodo;Región2
BOYACA;LA CAPILLA;15380;15;-73,444,347;5,095,687;Con Nodo;Región2
CUNDINAMARCA;EL COLEGIO;25245;25;-74,442,261;4,577,951;Con Nodo;Región1
BOYACA;GARAGOA;15299;15;-73,364,413;5,083,234;Con Nodo;Región2
META;PUERTO GAITAN;50568;50;-72,087,649;4,314,905;Con Nodo;Región2
META;PUERTO RICO;50590;50;-73,206,314;2,939,621;Con Nodo;Región2
HUILA;ISNOS;41359;41;-76,217,637;1,929,467;Con Nodo;Región1
META;SAN CARLOS DE GUAROA;50680;50;-73,242,253;371,065;Con Nodo;Región2
CALDAS;VITERBO;17877;17;-7,587,061;5,062,664;Con Nodo;Región2
META;RESTREPO;50606;50;-73,565,408;4,259,556;Con Nodo;Región1
CAUCA;EL TAMBO;19256;19;-76,810,911;2,451,409;Sin Nodo;Región2
BOYACA;RAMIRIQUI;15599;15;-73,334,839;5,400,303;Con Nodo;Región1
ANTIOQUIA;SONSON;5756;5;-75,309,596;5,714,851;Con Nodo;Región2
CUNDINAMARCA;TOCANCIPA;25817;25;-7,391,207;4,964,641;Con Nodo;Región1
CUNDINAMARCA;GACHANCIPA;25295;25;-73,873,464;4,990,947;Con Nodo;Región1
SANTANDER;CERRITO;68162;68;-72,694,851;6,840,405;Con Nodo;Región2
CUNDINAMARCA;NOCAIMA;25491;25;-74,379,093;5,069,466;Con Nodo;Región1
META;VISTAHERMOSA;50711;50;-73,750,966;3,125,579;Con Nodo;Región2
HUILA;AIPE;41016;41;-75,239,017;3,223,996;Con Nodo;Región1
CHOCO;EL CARMEN DE ATRATO;27245;27;-76,142,112;5,899,789;Con Nodo;Región3
SANTANDER;SAN VICENTE DE CHUCURI;68689;68;-73,411,024;6,880,383;Con Nodo;Región1
CASANARE;RECETOR;85279;85;-72,760,991;5,229,181;Con Nodo;Región3
SANTANDER;EL PEÑON;68250;68;-73,815,532;605,537;Con Nodo;Región1
TOLIMA;DOLORES;73236;73;-74,896,761;3,539,072;Con Nodo;Región3
TOLIMA;RONCESVALLES;73622;73;-75,605,959;4,011,567;Con Nodo;Región3
BOYACA;RAQUIRA;15600;15;-73,632,543;5,539,136;Con Nodo;Región2
SANTANDER;CHARTA;68169;68;-72,968,798;728,082;Con Nodo;Región2
CASANARE;PORE;85263;85;-7,199,286;572,773;Con Nodo;Región3
BOYACA;SAN LUIS DE GACENO;15667;15;-73,168,076;481,976;Con Nodo;Región2
NORTE DE SANTANDER;VILLA CARO;54871;54;-72,973,601;7,914,244;Con Nodo;Región1
SANTANDER;SAN MIGUEL;68686;68;-72,644,123;6,575,315;Con Nodo;Región2
SANTANDER;ENCISO;68266;68;-72,699,647;6,668,034;Con Nodo;Región2
SANTANDER;SAN JOSE DE MIRANDA;68684;68;-72,733,616;6,658,995;Con Nodo;Región2
SANTANDER;MOLAGAVITA;68468;68;-72,809,175;667,432;Con Nodo;Región2
BOYACA;COVARACHIA;15218;15;-72,738,978;6,500,177;Con Nodo;Región2
SANTANDER;CARCASI;68152;68;-72,627,099;6,629,016;Con Nodo;Región2
ANTIOQUIA;ARGELIA;5055;5;-7,514,107;5,731,474;Con Nodo;Región1
BOYACA;COPER;15212;15;-74,045,636;5,475,074;Con Nodo;Región3
HUILA;RIVERA;41615;41;-75,258,753;2,777,586;Con Nodo;Región1
BOYACA;BOAVITA;15097;15;-72,584,905;6,330,703;Con Nodo;Región2
BOYACA;EL ESPINO;15248;15;-72,497,007;6,483,027;Con Nodo;Región3
BOYACA;GUICAN;15332;15;-72,411,763;6,462,864;Con Nodo;Región3
BOYACA;SUSACON;15774;15;-72,690,289;6,230,332;Con Nodo;Región3
BOYACA;EL COCUY;15244;15;-72,444,537;6,407,738;Con Nodo;Región1
BOYACA;GUACAMAYAS;15317;15;-72,500,812;6,459,667;Con Nodo;Región3
BOYACA;CHITA;15183;15;-72,471,892;6,187,083;Con Nodo;Región1
SANTANDER;MALAGA;68432;68;-72,732,089;6,703,081;Con Nodo;Región2
CASANARE;NUNCHIA;85225;85;-72,195,323;5,636,474;Con Nodo;Región3
SANTANDER;JESUS MARIA;68368;68;-73,783,396;5,876,497;Con Nodo;Región2
CUNDINAMARCA;UBAQUE;25841;25;-73,933,477;4,483,788;Con Nodo;Región1
BOLIVAR;MORALES;13473;13;-73,868,172;8,276,558;Con Nodo;Región1
CUNDINAMARCA;CABRERA;25120;25;-74,484,549;3,985,164;Con Nodo;Región1
BOYACA;LA VICTORIA;15401;15;-74,234,393;5,523,792;Con Nodo;Región1
BOYACA;NUEVO COLON;15494;15;-73,456,759;5,355,317;Con Nodo;Región2
BOLIVAR;MONTECRISTO;13458;13;-74,471,176;8,297,234;Con Nodo;Región1
SANTANDER;OIBA;68500;68;-73,299,791;626,521;Con Nodo;Región1
SANTANDER;SUAITA;68770;68;-7,344,165;6,101,329;Con Nodo;Región2
SANTANDER;GALAN;68296;68;-73,287,769;6,638,423;Con Nodo;Región2
SANTANDER;CONTRATACION;68211;68;-73,474,426;6,290,561;Con Nodo;Región2
SANTANDER;PALMAS DEL SOCORRO;68524;68;-73,287,764;6,406,139;Con Nodo;Región2
CESAR;RIO DE ORO;20614;20;-73,386,393;8,292,292;Con Nodo;Región1
BOYACA;TASCO;15790;15;-72,781,011;5,909,821;Con Nodo;Región3
CUNDINAMARCA;GUATAVITA;25326;25;-7,383,293;4,935,211;Con Nodo;Región1
CUNDINAMARCA;NIMAIMA;25489;25;-7,438,604;5,125,992;Con Nodo;Región3
CUNDINAMARCA;UTICA;25851;25;-74,483,154;519,055;Con Nodo;Región1
CUNDINAMARCA;CAPARRAPI;25148;25;-74,491,045;534,758;Con Nodo;Región1
CUNDINAMARCA;CUCUNUBA;25224;25;-73,766,113;5,249,795;Con Nodo;Región1
CUNDINAMARCA;GACHETA;25297;25;-73,636,377;4,816,411;Con Nodo;Región1
CUNDINAMARCA;SUTATAUSA;25781;25;-73,853,159;5,247,482;Con Nodo;Región1
CUNDINAMARCA;CARMEN DE CARUPA;25154;25;-73,901,357;5,349,119;Con Nodo;Región1
CUNDINAMARCA;CHOCONTA;25183;25;-73,683,533;5,145,224;Sin Nodo;Región1
CUNDINAMARCA;FUQUENE;25288;25;-73,795,855;5,403,997;Con Nodo;Región1
CUNDINAMARCA;LA PALMA;25394;25;-74,391,022;5,358,816;Con Nodo;Región1
CUNDINAMARCA;MANTA;25436;25;-73,540,444;5,009,008;Con Nodo;Región1
CUNDINAMARCA;SAN CAYETANO;25653;25;-74,024,754;5,332,938;Con Nodo;Región2
CUNDINAMARCA;SUESCA;25772;25;-73,798,227;5,103,495;Con Nodo;Región1
CUNDINAMARCA;SUPATA;25777;25;-74,235,403;506,162;Con Nodo;Región3
CUNDINAMARCA;VILLAPINZON;25873;25;-73,595,704;5,216,393;Con Nodo;Región1
BOLIVAR;TURBANA;13838;13;-7,544,265;10,274,585;Con Nodo;Región1
CHOCO;BAGADO;27073;27;-76,416,063;5,409,681;Con Nodo;Región3
CAQUETA;EL DONCELLO;18247;18;-75,283,631;1,679,951;Con Nodo;Región1
CAUCA;INZA;19355;19;-76,063,503;2,549,183;Con Nodo;Región2
CAQUETA;LA MONTAÑITA;18410;18;-75,436,408;1,479,173;Con Nodo;Región1
TOLIMA;FLANDES;73275;73;-74,818,763;4,276,373;Con Nodo;Región1
CAQUETA;MORELIA;18479;18;-75,724,146;1,486,611;Con Nodo;Región2
QUINDIO;QUIMBAYA;63594;63;-75,765,074;4,624,387;Sin Nodo;Región1
CESAR;MANAURE;20443;20;-73,029,472;10,390,776;Con Nodo;Región1
META;CABUYARO;50124;50;-72,791,768;4,286,705;Con Nodo;Región3
SANTANDER;SURATA;68780;68;-72,984,232;736,658;Con Nodo;Región3
TOLIMA;VALLE DE SAN JUAN;73854;73;-75,115,669;4,197,494;Con Nodo;Región3
CAUCA;CALOTO;19142;19;-76,408,941;3,034,531;Con Nodo;Región2
BOYACA;CALDAS;15131;15;-73,865,553;555,458;Con Nodo;Región1
TOLIMA;ICONONZO;73352;73;-74,531,969;4,176,487;Con Nodo;Región3
CASANARE;HATO COROZAL;85125;85;-71,764,213;6,154,099;Con Nodo;Región2
META;CUBARRAL;50223;50;-73,837,999;3,793,653;Con Nodo;Región2
BOYACA;CAMPOHERMOSO;15135;15;-73,104,173;5,031,676;Con Nodo;Región3
LA GUAJIRA;HATONUEVO;44378;44;-7,275,904;11,068,864;Con Nodo;Región1
BOLIVAR;SOPLAVIENTO;13760;13;-75,136,404;1,038,839;Con Nodo;Región1
NORTE DE SANTANDER;TOLEDO;54820;54;-72,481,915;7,307,692;Con Nodo;Región2
BOYACA;MONGUA;15464;15;-7,279,809;5,754,242;Con Nodo;Región2
BOYACA;PAYA;15533;15;-72,423,775;5,625,699;Con Nodo;Región3
NORTE DE SANTANDER;DURANIA;54239;54;-72,658,491;7,714,804;Con Nodo;Región3
TOLIMA;CASABIANCA;73152;73;-75,120,966;5,078,465;Con Nodo;Región3
META;SAN JUANITO;50686;50;-73,676,699;4,458,181;Con Nodo;Región3
BOYACA;TENZA;15798;15;-73,421,176;5,076,781;Con Nodo;Región2
BOYACA;TURMEQUE;15835;15;-73,491,825;5,323,261;Con Nodo;Región3
TOLIMA;CUNDAY;73226;73;-74,692,227;4,059,259;Con Nodo;Región3
CASANARE;SAN LUIS DE PALENQUE;85325;85;-71,732,198;5,422,397;Con Nodo;Región2
NORTE DE SANTANDER;LA PLAYA;54398;54;-73,239,986;821,124;Con Nodo;Región2
TOLIMA;SAN LUIS;73678;73;-75,095,804;4,133,721;Con Nodo;Región2
BOYACA;MIRAFLORES;15455;15;-7,314,563;5,196,515;Con Nodo;Región1
BOYACA;PAZ DE RIO;15537;15;-72,749,137;5,987,645;Con Nodo;Región1
CUNDINAMARCA;CACHIPAY;25123;25;-74,435,711;4,730,957;Con Nodo;Región1
BOYACA;CERINZA;15162;15;-72,947,918;5,955,939;Con Nodo;Región1
CUNDINAMARCA;LENGUAZAQUE;25407;25;-73,711,512;5,306,131;Con Nodo;Región1
CUNDINAMARCA;UNE;25845;25;-74,025,183;440,245;Con Nodo;Región1
BOLIVAR;SAN JACINTO;13654;13;-7,512,105;9,830,275;Con Nodo;Región1
BOLIVAR;SIMITI;13744;13;-73,947,264;7,953,916;Con Nodo;Región2
BOLIVAR;ARENAL;13042;13;-73,941,099;8,458,865;Con Nodo;Región1
NORTE DE SANTANDER;HACARI;54344;54;-73,145,997;8,321,506;Con Nodo;Región2
SANTANDER;ZAPATOCA;68895;68;-73,268,034;6,814,387;Con Nodo;Región2
SANTANDER;MACARAVITA;68425;68;-72,593,105;650,658;Con Nodo;Región3
BOLIVAR;ARROYOHONDO;13062;13;-75,019,215;10,250,075;Con Nodo;Región1
BOYACA;PISBA;15550;15;-72,486,023;572,141;Con Nodo;Región3
CHOCO;CERTEGUI;27160;27;-76,607,619;5,371,373;Con Nodo;Región3
CAQUETA;SOLITA;18785;18;-75,619,902;0,87654;Con Nodo;Región3
BOYACA;MACANAL;15425;15;-73,319,593;4,972,464;Con Nodo;Región2
NARIÑO;SAMANIEGO;52678;52;-77,594,341;1,335,438;Con Nodo;Región1
BOYACA;LABRANZAGRANDE;15377;15;-7,257,777;5,562,687;Con Nodo;Región3
META;PUERTO LLERAS;50577;50;-7,337,385;3,272,117;Con Nodo;Región2
BOYACA;TIBANA;15804;15;-73,396,457;5,317,251;Con Nodo;Región2
SANTANDER;GUADALUPE;68320;68;-73,419,292;6,245,847;Con Nodo;Región2
BOYACA;UMBITA;15842;15;-73,456,917;5,221,176;Con Nodo;Región2
SANTANDER;EL CARMEN DE CHUCURI;68235;68;-7,351,066;6,700,038;Con Nodo;Región2
BOYACA;SOMONDOCO;15761;15;-73,433,393;4,985,726;Con Nodo;Región3
CAQUETA;VALPARAISO;18860;18;-7,570,671;1,194,619;Con Nodo;Región3
SANTANDER;LANDAZURI;68385;68;-73,811,359;6,218,812;Con Nodo;Región2
TOLIMA;SALDAÑA;73671;73;-75,016,852;3,929,815;Con Nodo;Región1
VALLE DEL CAUCA;EL AGUILA;76243;76;-76,042,779;4,906,062;Con Nodo;Región1
CUNDINAMARCA;CHIPAQUE;25178;25;-74,044,876;4,442,671;Con Nodo;Región1
SANTANDER;LA BELLEZA;68377;68;-73,965,494;585,925;Con Nodo;Región2
PUTUMAYO;VALLE DEL GUAMUEZ;86865;86;-76,906,751;0,423506;Con Nodo;Región2
CUNDINAMARCA;PANDI;25524;25;-74,486,641;4,190,393;Con Nodo;Región1
TOLIMA;COYAIMA;73217;73;-75,193,862;3,798,036;Con Nodo;Región2
TOLIMA;PRADO;73563;73;-74,927,447;3,750,939;Con Nodo;Región2
BOYACA;SAN PABLO DE BORBUR;15681;15;-74,069,963;5,650,743;Con Nodo;Región3
CUNDINAMARCA;SUBACHOQUE;25769;25;-74,172,773;4,929,118;Con Nodo;Región1
TOLIMA;LERIDA;73408;73;-74,910,716;4,862,046;Con Nodo;Región2
TOLIMA;FRESNO;73283;73;-75,035,722;5,153,576;Con Nodo;Región1
SANTANDER;CONCEPCION;68207;68;-72,694,567;6,768,908;Con Nodo;Región3
CUNDINAMARCA;GACHALA;25293;25;-73,520,161;4,693,579;Con Nodo;Región3
CUNDINAMARCA;UBALA;25839;25;-73,531,489;474,762;Con Nodo;Región1
BOYACA;CHIVOR;15236;15;-73,368,398;4,888,173;Con Nodo;Región3
CUNDINAMARCA;EL ROSAL;25260;25;-74,263,103;4,850,589;Con Nodo;Región1
BOYACA;SORACA;15764;15;-73,332,804;5,500,898;Con Nodo;Región1
BOYACA;SAN EDUARDO;15660;15;-73,077,747;522,401;Con Nodo;Región2
BOYACA;RONDON;15621;15;-73,208,474;5,357,378;Con Nodo;Región2
BOYACA;PAJARITO;15518;15;-72,703,231;5,293,783;Con Nodo;Región3
HUILA;COLOMBIA;41206;41;-74,802,815;3,376,745;Con Nodo;Región2
TOLIMA;ORTEGA;73504;73;-75,222,601;3,934,916;Con Nodo;Región2
TOLIMA;ATACO;73067;73;-75,382,545;3,590,591;Con Nodo;Región3
TOLIMA;AMBALEMA;73030;73;-74,764,429;4,782,682;Con Nodo;Región2
TOLIMA;CARMEN DE APICALA;73148;73;-74,717,633;4,152,334;Con Nodo;Región2
CUNDINAMARCA;TAUSA;25793;25;-73,887,813;5,196,333;Con Nodo;Región1
BOYACA;BOYACA;15104;15;-73,361,945;5,454,578;Con Nodo;Región1
SANTANDER;ALBANIA;68020;68;-7,391,336;5,759,166;Con Nodo;Región1
ANTIOQUIA;COCORNA;5197;5;-75,185,483;6,058,295;Con Nodo;Región2
CASANARE;TAMARA;85400;85;-7,216,165;5,829,543;Con Nodo;Región3
BOYACA;OICATA;15500;15;-73,308,399;5,595,235;Con Nodo;Región2
BOYACA;JENESANO;15367;15;-73,363,738;5,385,813;Con Nodo;Región2
BOYACA;GAMEZA;15296;15;-7,280,553;5,802,333;Con Nodo;Región3
NARIÑO;POLICARPA;52540;52;-77,458,686;1,627,196;Con Nodo;Región3
META;CASTILLA LA NUEVA;50150;50;-73,687,302;3,830,005;Con Nodo;Región2
BOYACA;TUTA;15837;15;-73,230,285;5,689,082;Con Nodo;Región1
SANTANDER;SANTA HELENA DEL OPON;68720;68;-73,616,716;6,339,565;Con Nodo;Región2
BOYACA;PAEZ;15514;15;-73,052,737;5,097,319;Con Nodo;Región2
NORTE DE SANTANDER;CACHIRA;54128;54;-73,048,983;7,741,248;Con Nodo;Región2
HUILA;GIGANTE;41306;41;-75,547,681;2,384,031;Con Nodo;Región1
CUNDINAMARCA;JUNIN;25372;25;-73,662,961;479,057;Con Nodo;Región1
CUNDINAMARCA;GAMA;25299;25;-73,611,037;4,763,325;Con Nodo;Región1
BOYACA;MOTAVITA;15476;15;-73,367,841;55,777;Con Nodo;Región2
ANTIOQUIA;LA UNION;5400;5;-75,360,874;5,973,845;Sin Nodo;Región1
BOYACA;CHITARAQUE;15185;15;-734,471;6,027,425;Con Nodo;Región2
NARIÑO;LEIVA;52405;52;-77,306,135;1,934,453;Con Nodo;Región3
HUILA;AGRADO;41013;41;-75,772,022;225,987;Con Nodo;Región1
CUNDINAMARCA;NILO;25488;25;-74,620,009;4,305,838;Con Nodo;Región1
TOLIMA;ARMERO;73055;73;-74,884,438;5,030,744;Con Nodo;Región2
TOLIMA;SANTA ISABEL;73686;73;-75,097,934;4,713,606;Con Nodo;Región3
CUNDINAMARCA;SAN BERNARDO;25649;25;-7,442,296;4,179,433;Con Nodo;Región1
BOYACA;CHIVATA;15187;15;-73,282,529;5,558,949;Con Nodo;Región2
NARIÑO;SANTA BARBARA;52696;52;-77,979,916;2,449,653;Con Nodo;Por Proyecto
PUTUMAYO;ORITO;86320;86;-76,873,276;0,663593;Con Nodo;Región2
BOYACA;VIRACACHA;15879;15;-73,296,894;5,436,833;Con Nodo;Región2
BOYACA;MONGUI;15466;15;-72,849,292;5,723,486;Con Nodo;Región2
CUNDINAMARCA;NEMOCON;25486;25;-73,877,888;5,068,705;Con Nodo;Región1
BOYACA;VILLA DE LEYVA;15407;15;-73,524,948;5,632,455;Con Nodo;Región2
HUILA;VILLAVIEJA;41872;41;-75,217,174;3,218,822;Con Nodo;Región1
CAUCA;PAEZ;19517;19;-75,970,685;2,645,724;Con Nodo;Región3
TOLIMA;COELLO;73200;73;-74,898,464;4,287,276;Con Nodo;Región2
CHOCO;LLORO;27413;27;-76,545,147;549,789;Con Nodo;Región3
SANTANDER;EL PLAYON;68255;68;-7,320,287;7,470,715;Con Nodo;Región1
NARIÑO;LOS ANDES;52418;52;-77,521,303;1,494,587;Con Nodo;Región1
TOLIMA;SAN ANTONIO;73675;73;-75,480,074;3,914,146;Con Nodo;Región2
CHOCO;EL CANTON DEL SAN PABLO;27135;27;-76,726,844;5,335,321;Con Nodo;Región3
BOYACA;CHINAVITA;15172;15;-73,368,476;5,167,486;Con Nodo;Región2
SUCRE;GUARANDA;70265;70;-74,537,749;8,468,556;Con Nodo;Región1
CALDAS;MANZANARES;17433;17;-75,152,829;5,255,699;Con Nodo;Región1
META;CUMARAL;50226;50;-73,487,052;4,270,042;Sin Nodo;Región1
CUNDINAMARCA;SIMIJACA;25745;25;-73,850,703;5,505,231;Con Nodo;Región1
ANTIOQUIA;NECHI;5495;5;-7,477,647;8,094,129;Tx con Terceros;Región1
CUNDINAMARCA;ANAPOIMA;25035;25;-74,528,676;4,562,737;Con Nodo;Región1
BOYACA;TOGUI;15816;15;-73,513,655;5,937,438;Con Nodo;Región2
BOYACA;PESCA;15542;15;-73,050,872;5,558,808;Con Nodo;Región2
CAUCA;GUAPI;19318;19;-7,788,797;2,571,337;Con Nodo;Por Proyecto
CUNDINAMARCA;ANOLAIMA;25040;25;-7,446,384;47,617;Con Nodo;Región1
CUNDINAMARCA;SAN JUAN DE RIO SECO;25662;25;-74,621,919;4,847,575;Con Nodo;Región1
LA GUAJIRA;BARRANCAS;44078;44;-72,793,639;10,958,669;Con Nodo;Región1
HUILA;SALADOBLANCO;41660;41;-76,044,747;19,934;Con Nodo;Región1
NARIÑO;SANDONA;52683;52;-7,747,313;1,283,438;Con Nodo;Región1
PUTUMAYO;SAN MIGUEL;86757;86;-7,691,217;0,34346;Con Nodo;Región2
CUNDINAMARCA;ALBAN;25019;25;-74,438,261;4,878,022;Con Nodo;Región1
HUILA;ALGECIRAS;41020;41;-75,315,389;2,521,674;Con Nodo;Región1
HUILA;HOBO;41349;41;-75,447,697;2,580,812;Con Nodo;Región1
HUILA;IQUIRA;41357;41;-75,634,497;2,649,359;Con Nodo;Región1
HUILA;PALERMO;41524;41;-75,435,296;2,889,649;Con Nodo;Región1
HUILA;SANTA MARIA;41676;41;-75,586,223;2,939,603;Con Nodo;Región1
HUILA;ACEVEDO;41006;41;-75,888,706;1,805,173;Con Nodo;Región1
HUILA;OPORAPA;41503;41;-75,995,165;2,025,088;Con Nodo;Región2
HUILA;SAN AGUSTIN;41668;41;-7,627,036;1,881,081;Con Nodo;Región1
HUILA;TIMANA;41807;41;-75,932,167;1,974,539;Con Nodo;Región1
HUILA;LA ARGENTINA;41378;41;-75,979,763;2,198,496;Con Nodo;Región2
HUILA;PAICOL;41518;41;-75,773,158;2,449,651;Con Nodo;Región1
HUILA;TESALIA;41797;41;-75,730,271;2,486,364;Con Nodo;Región1
BOYACA;BELEN;15087;15;-72,911,641;598,923;Con Nodo;Región2
LA GUAJIRA;FONSECA;44279;44;-72,846,319;10,886,734;Con Nodo;Región1
ANTIOQUIA;BARBOSA;5079;5;-75,331,627;6,439,195;Tx con Terceros;Región1
RISARALDA;SANTA ROSA DE CABAL;66682;66;-75,623,268;4,876,271;Con Nodo;Región1
VALLE DEL CAUCA;SEVILLA;76736;76;-75,931,629;4,270,714;Sin Nodo;Región1
HUILA;BARAYA;41078;41;-75,054,843;3,152,204;Con Nodo;Región1
NORTE DE SANTANDER;CHINACOTA;54172;54;-72,601,162;7,603,112;Con Nodo;Región1
CALDAS;NORCASIA;17495;17;-74,889,543;5,574,796;Con Nodo;Región2
CALDAS;PENSILVANIA;17541;17;-75,160,299;5,383,281;Con Nodo;Región2
RISARALDA;LA CELIA;66383;66;-760,032;5,002,787;Con Nodo;Región2
RISARALDA;QUINCHIA;66594;66;-75,730,431;5,340,456;Con Nodo;Región2
RISARALDA;MISTRATO;66456;66;-75,882,886;5,297,039;Con Nodo;Región2
CASANARE;LA SALINA;85136;85;-72,334,978;6,127,762;Con Nodo;Región1
ARAUCA;PUERTO RONDON;81591;81;-7,110,339;6,281,461;Con Nodo;Región3
CASANARE;SACAMA;85315;85;-72,250,157;6,096,738;Con Nodo;Región3
QUINDIO;PIJAO;63548;63;-75,703,329;4,335,036;Con Nodo;Región2
CALDAS;ARANZAZU;17050;17;-7,549,129;5,271,195;Con Nodo;Región1
RISARALDA;GUATICA;66318;66;-75,799,005;5,315,367;Con Nodo;Región2
CALDAS;ANSERMA;17042;17;-75,784,343;5,236,471;Con Nodo;Región2
RISARALDA;BALBOA;66075;66;-75,958,663;4,949,096;Con Nodo;Región3
CAUCA;SAN SEBASTIAN;19693;19;-76,769,467;1,838,451;Con Nodo;Región1
CAUCA;LA SIERRA;19392;19;-76,763,278;2,179,383;Con Nodo;Región3
CUNDINAMARCA;CHAGUANI;25168;25;-74,593,455;4,948,916;Con Nodo;Región1
META;EL CALVARIO;50245;50;-73,713,325;4,352,665;Con Nodo;Región3
NARIÑO;GUACHUCAL;52317;52;-77,731,589;0,959744;Con Nodo;Región1
LA GUAJIRA;EL MOLINO;44110;44;-7,292,673;10,653,505;Con Nodo;Región1
CAUCA;JAMBALO;19364;19;-76,323,877;2,777,834;Con Nodo;Región3
CAUCA;FLORENCIA;19290;19;-77,072,547;1,682,535;Con Nodo;Región3
CAUCA;VILLA RICA;19845;19;-76,458,025;317,762;Con Nodo;Región1
CUNDINAMARCA;CHOACHI;25181;25;-73,922,894;4,527,048;Con Nodo;Región1
VALLE DEL CAUCA;CALIMA;76126;76;-76,484,132;3,933,664;Con Nodo;Región1
TOLIMA;MURILLO;73461;73;-75,171,022;4,874,341;Con Nodo;Región2
SANTANDER;MATANZA;68444;68;-73,015,566;7,323,175;Con Nodo;Región2
SANTANDER;VETAS;68867;68;-72,871,041;730,981;Con Nodo;Región3
NORTE DE SANTANDER;CUCUTILLA;54223;54;-72,772,816;7,539,633;Con Nodo;Región1
TOLIMA;VILLAHERMOSA;73870;73;-75,117,729;5,030,452;Con Nodo;Región3
META;EL CASTILLO;50251;50;-73,794,225;3,563,907;Con Nodo;Región2
HUILA;TELLO;41799;41;-75,138,773;3,067,538;Con Nodo;Región1
CUNDINAMARCA;MEDINA;25438;25;-73,348,449;4,506,298;Con Nodo;Región1
VALLE DEL CAUCA;VERSALLES;76863;76;-76,199,203;4,575,019;Con Nodo;Región1
HUILA;GUADALUPE;41319;41;-75,757,185;202,426;Con Nodo;Región1
HUILA;PITAL;41548;41;-75,804,544;2,266,618;Con Nodo;Región1
QUINDIO;GENOVA;63302;63;-75,790,402;4,206,641;Con Nodo;Región2
NARIÑO;CORDOBA;52215;52;-77,517,897;0,854564;Con Nodo;Región3
TOLIMA;HERVEO;73347;73;-75,177,151;5,080,228;Con Nodo;Región1
META;SAN JUAN DE ARAMA;50683;50;-73,875,832;3,373,728;Con Nodo;Región2
LA GUAJIRA;VILLANUEVA;44874;44;-72,977,583;10,608,774;Sin Nodo;Región1
CESAR;EL PASO;20250;20;-73,742,012;9,668,461;Con Nodo;Región1
SANTANDER;RIONEGRO;68615;68;-73,150,177;7,265,014;Con Nodo;Región1
CALDAS;BELALCAZAR;17088;17;-75,811,918;4,993,785;Con Nodo;Región2
ANTIOQUIA;PEÑOL;5541;5;-75,242,693;6,219,349;Sin Nodo;Región1
CUNDINAMARCA;SILVANIA;25743;25;-74,405,534;4,381,981;Sin Nodo;Región1
BOLIVAR;MARIA LA BAJA;13442;13;-75,300,516;9,982,402;Con Nodo;Región1
VICHADA;SANTA ROSALIA;99624;99;-70,859,499;5,136,393;Con Nodo;Por Proyecto
VALLE DEL CAUCA;GINEBRA;76306;76;-76,268,068;3,724,181;Sin Nodo;Región1
ANTIOQUIA;CIUDAD BOLIVAR;5101;5;-76,021,509;5,850,273;Sin Nodo;Región1
ATLANTICO;SUAN;8770;8;-74,881,687;10,335,432;Sin Nodo;Región2
CHOCO;ACANDI;27006;27;-77,279,951;8,512,178;Sin Nodo;Región2
CHOCO;ALTO BAUDO;27025;27;-76,974,373;5,516,221;Sin Nodo;Región2
CHOCO;BAJO BAUDO;27077;27;-77,365,717;4,954,576;Sin Nodo;Región2
CHOCO;BOJAYA;27099;27;-76,886,773;6,559,708;Sin Nodo;Región2
TOLIMA;GUAMO;73319;73;-74,968,135;4,030,992;Sin Nodo;Región1
ANTIOQUIA;SAN PEDRO DE URABA;5665;5;-76,380,567;8,276,884;Sin Nodo;Región1
BOLIVAR;MOMPOS;13468;13;-7,442,818;9,244,241;Con Nodo;Región1
CALDAS;MARQUETALIA;17444;17;-75,053,097;5,297,525;Con Nodo;Región1
CESAR;ASTREA;20032;20;-73,975,842;9,498,062;Con Nodo;Región1
CESAR;SAN DIEGO;20750;20;-73,181,208;10,333,039;Con Nodo;Región1
CORDOBA;LA APARTADA;23350;23;-75,336,031;8,050,125;Sin Nodo;Región1
NORTE DE SANTANDER;PUERTO SANTANDER;54553;54;-72,411,363;8,359,993;Con Nodo;Región2
QUINDIO;CIRCASIA;63190;63;-75,636,533;4,617,759;Con Nodo;Región1
SUCRE;COVEÑAS;70221;70;-75,680,158;9,402,779;Sin Nodo;Región1
ATLANTICO;PUERTO COLOMBIA;8573;8;-74,888,627;11,015,322;Con Nodo;Región1
MAGDALENA;ALGARROBO;47030;47;-74,061,132;10,188,059;Con Nodo;Región1
VALLE DEL CAUCA;LA VICTORIA;76403;76;-76,036,529;4,523,603;Con Nodo;Región1
NORTE DE SANTANDER;EL ZULIA;54261;54;-72,604,717;7,938,572;Con Nodo;Región1
CALDAS;FILADELFIA;17272;17;-75,562,474;5,297,091;Con Nodo;Región1
CASANARE;TAURAMENA;85410;85;-7,274,662;5,018,977;Con Nodo;Región1
MAGDALENA;PIVIJAY;47551;47;-74,613,312;10,460,707;Con Nodo;Región1
CALDAS;NEIRA;17486;17;-75,520,006;5,166,895;Con Nodo;Región1
CORDOBA;SAN BERNARDO DEL VIENTO;23675;23;-75,955,107;935,247;Con Nodo;Región1
ANTIOQUIA;YARUMAL;5887;5;-75,418,828;6,963,832;Tx con Terceros;Región1
MAGDALENA;SABANAS DE SAN ANGEL;47660;47;-74,213,946;10,032,536;Con Nodo;Región1
VALLE DEL CAUCA;RIOFRIO;76616;76;-76,288,313;4,156,908;Con Nodo;Región1
CALDAS;PACORA;17513;17;-75,459,621;5,527,172;Con Nodo;Región1
ANTIOQUIA;EL SANTUARIO;5697;5;-75,265,465;6,136,871;Sin Nodo;Región1
CHOCO;MEDIO ATRATO;27425;27;-76,783,042;5,994,935;Sin Nodo;Región2
ANTIOQUIA;CALDAS;5129;5;-75,633,673;6,091,077;Sin Nodo;Región1
ANTIOQUIA;SANTA BARBARA;5679;5;-75,567,351;5,875,527;Tx con Terceros;Región1
VALLE DEL CAUCA;CAICEDONIA;76122;76;-75,830,594;4,334,808;Sin Nodo;Región1
CESAR;GAMARRA;20295;20;-73,737,558;8,324,793;Con Nodo;Región1
MAGDALENA;EL PIÑON;47258;47;-74,823,094;10,402,781;Con Nodo;Región1
BOYACA;SOTAQUIRA;15763;15;-73,246,585;5,764,986;Con Nodo;Región1
TOLIMA;CAJAMARCA;73124;73;-75,431,971;4,438,812;Tx con Terceros;Región1
BOYACA;SANTA ROSA DE VITERBO;15693;15;-72,982,461;5,874,547;Con Nodo;Región2
ANTIOQUIA;AMAGA;5030;5;-75,702,188;6,038,708;Tx con Terceros;Región1
ANTIOQUIA;MARINILLA;5440;5;-75,339,345;6,173,995;Sin Nodo;Región1
ANTIOQUIA;ANDES;5034;5;-75,878,828;5,657,194;Sin Nodo;Región1
ANTIOQUIA;SEGOVIA;5736;5;-74,701,596;7,079,648;Sin Nodo;Región1
CAUCA;PATIA;19532;19;-76,981,075;2,115,875;Con Nodo;Región1
BOYACA;TIBASOSA;15806;15;-72,999,449;574,723;Con Nodo;Región2
VALLE DEL CAUCA;PRADERA;76563;76;-76,241,799;3,419,793;Sin Nodo;Región1
MAGDALENA;ARIGUANI;47058;47;-74,236,515;9,847,047;Sin Nodo;Región1
CUNDINAMARCA;CAQUEZA;25151;25;-73,946,473;4,404,112;Sin Nodo;Región1
CUNDINAMARCA;SIBATE;25740;25;-74,257,874;4,492,625;Con Nodo;Región1
ANTIOQUIA;SAN JERONIMO;5656;5;-75,726,975;644,809;Tx con Terceros;Región1
ATLANTICO;GALAPA;8296;8;-74,870,385;10,919,033;Sin Nodo;Región1
ATLANTICO;POLONUEVO;8558;8;-74,852,981;10,777,363;Sin Nodo;Región1
ATLANTICO;PONEDERA;8560;8;-74,753,885;10,641,779;Sin Nodo;Región1
ATLANTICO;REPELON;8606;8;-75,125,534;10,493,357;Sin Nodo;Región1
ATLANTICO;SABANAGRANDE;8634;8;-74,759,496;10,792,453;Sin Nodo;Región1
ATLANTICO;SANTO TOMAS;8685;8;-74,757,859;10,758,735;Sin Nodo;Región1
ATLANTICO;USIACURI;8849;8;-74,976,985;1,074,298;Sin Nodo;Región1
BOLIVAR;EL CARMEN DE BOLIVAR;13244;13;-75,121,178;9,718,653;Sin Nodo;Región1
CESAR;BOSCONIA;20060;20;-73,888,761;9,975,098;Con Nodo;Región1
CESAR;CURUMANI;20228;20;-73,540,843;9,201,716;Sin Nodo;Región1
CESAR;PELAYA;20550;20;-73,666,735;8,689,451;Sin Nodo;Región1
CORDOBA;CHINU;23182;23;-75,399,633;9,105,473;Sin Nodo;Región1
CORDOBA;PUEBLO NUEVO;23570;23;-75,508,035;8,504,099;Sin Nodo;Región1
NORTE DE SANTANDER;ABREGO;54003;54;-73,221,722;8,081,616;Sin Nodo;Región1
SUCRE;SUCRE;70771;70;-74,723,175;8,811,737;Con Nodo;Región1
SUCRE;SANTIAGO DE TOLU;70820;70;-75,581,112;9,525,387;Sin Nodo;Región1
VALLE DEL CAUCA;BUGALAGRANDE;76113;76;-7,615,682;4,208,358;Sin Nodo;Región1
VALLE DEL CAUCA;OBANDO;76497;76;-75,974,709;4,575,712;Sin Nodo;Región1
VALLE DEL CAUCA;TORO;76823;76;-76,076,859;4,608,085;Sin Nodo;Región1
BOLIVAR;SANTA ROSA;13683;13;-75,369,824;10,444,396;Con Nodo;Región1
MAGDALENA;SITIONUEVO;47745;47;-74,720,021;10,775,285;Con Nodo;Región1
BOLIVAR;ACHI;13006;13;-74,557,676;8,570,107;Con Nodo;Región1
BOLIVAR;MAGANGUE;13430;13;-74,766,742;9,263,799;Con Nodo;Región1
BOYACA;MONIQUIRA;15469;15;-73,573,374;5,876,331;Con Nodo;Región1
BOYACA;VENTAQUEMADA;15861;15;-73,522,368;5,368,739;Con Nodo;Región2
CALDAS;AGUADAS;17013;17;-7,545,487;5,610,244;Con Nodo;Región1
CALDAS;SAMANA;17662;17;-74,992,263;541,308;Con Nodo;Región2
CALDAS;SUPIA;17777;17;-7,564,966;5,446,843;Sin Nodo;Región2
CAUCA;BOLIVAR;19100;19;-76,966,215;1,837,538;Con Nodo;Región1
CESAR;CHIRIGUANA;20178;20;-73,599,913;9,361,058;Con Nodo;Región1
CESAR;LA JAGUA DE IBIRICO;20400;20;-73,334,143;9,563,752;Con Nodo;Región1
CESAR;PAILITAS;20517;20;-73,625,825;8,959,399;Con Nodo;Región1
CESAR;TAMALAMEQUE;20787;20;-73,812,172;8,861,725;Con Nodo;Región1
CORDOBA;PURISIMA;23586;23;-75,724,987;9,239,295;Con Nodo;Región1
CORDOBA;SAN CARLOS;23678;23;-75,698,799;8,799,282;Con Nodo;Región1
CUNDINAMARCA;GUACHETA;25317;25;-73,686,972;5,383,378;Con Nodo;Región1
CUNDINAMARCA;GUADUAS;25320;25;-74,603,402;5,072,076;Con Nodo;Región1
CUNDINAMARCA;LA MESA;25386;25;-74,461,588;4,631,028;Con Nodo;Región1
CUNDINAMARCA;PACHO;25513;25;-74,156,132;5,136,907;Con Nodo;Región1
CUNDINAMARCA;VIOTA;25878;25;-74,523,131;443,935;Con Nodo;Región1
LA GUAJIRA;URIBIA;44847;44;-72,265,906;11,711,904;Tx con Terceros;Región1
MAGDALENA;PLATO;47555;47;-74,784,549;9,796,713;Sin Nodo;Región1
MAGDALENA;SAN ZENON;47703;47;-74,498,992;9,245,061;Con Nodo;Región1
META;FUENTE DE ORO;50287;50;-73,618,121;3,462,875;Con Nodo;Región2
NARIÑO;LA UNION;52399;52;-77,131,316;1,600,219;Con Nodo;Región1
NARIÑO;TUQUERRES;52838;52;-7,761,672;1,085,044;Con Nodo;Región1
NORTE DE SANTANDER;LOS PATIOS;54405;54;-72,505,612;7,833,186;Sin Nodo;Región1
QUINDIO;LA TEBAIDA;63401;63;-75,786,887;4,453,755;Con Nodo;Región1
SANTANDER;MOGOTES;68464;68;-72,969,807;6,475,246;Con Nodo;Región2
SUCRE;BUENAVISTA;70110;70;-74,972,827;9,319,794;Sin Nodo;Región1
SUCRE;CAIMITO;70124;70;-75,117,141;8,789,324;Con Nodo;Región1
SUCRE;LOS PALMITOS;70418;70;-75,268,716;9,380,269;Con Nodo;Región1
SUCRE;PALMITO;70523;70;-75,541,264;9,333,157;Con Nodo;Región1
SUCRE;SAN BENITO ABAD;70678;70;-75,031,089;8,930,108;Con Nodo;Región1
SUCRE;SAN LUIS DE SINCE;70742;70;-75,145,999;9,244,308;Con Nodo;Región1
SUCRE;SAN PEDRO;70717;70;-75,063,647;939,625;Con Nodo;Región1
VALLE DEL CAUCA;ANSERMANUEVO;76041;76;-75,992,003;4,794,984;Con Nodo;Región1
VALLE DEL CAUCA;ALCALA;76020;76;-75,779,792;4,674,994;Sin Nodo;Región1
VALLE DEL CAUCA;BOLIVAR;76100;76;-76,183,583;4,337,846;Con Nodo;Región1
VALLE DEL CAUCA;LA CUMBRE;76377;76;-7,656,805;3,649,268;Con Nodo;Región1
VALLE DEL CAUCA;LA UNION;76400;76;-76,099,661;4,533,869;Sin Nodo;Región1
VALLE DEL CAUCA;RESTREPO;76606;76;-76,523,329;3,821,351;Con Nodo;Región1
VALLE DEL CAUCA;ROLDANILLO;76622;76;-76,152,277;4,413,601;Con Nodo;Región1
VALLE DEL CAUCA;TRUJILLO;76828;76;-76,318,818;4,212,037;Con Nodo;Región1
ANTIOQUIA;RETIRO;5607;5;-75,501,301;6,062,454;Con Nodo;Región1
QUINDIO;FILANDIA;63272;63;-75,658,387;4,674,338;Sin Nodo;Región1
ANTIOQUIA;SAN JUAN DE URABA;5659;5;-7,652,857;8,758,964;Sin Nodo;Región1
ANTIOQUIA;URRAO;5847;5;-76,133,951;6,317,343;Sin Nodo;Región1
ATLANTICO;JUAN DE ACOSTA;8372;8;-75,041,032;1,083,254;Sin Nodo;Región1
VALLE DEL CAUCA;GUACARI;76318;76;-76,330,911;3,761,815;Con Nodo;Región1
HUILA;TARQUI;41791;41;-75,823,976;2,111,325;Con Nodo;Región1
CALDAS;MARMATO;17442;17;-75,600,049;547,422;Con Nodo;Región1
MAGDALENA;PUEBLOVIEJO;47570;47;-7,428,253;10,994,766;Con Nodo;Región1
CESAR;EL COPEY;20238;20;-73,962,703;10,149,883;Sin Nodo;Región1
CESAR;BECERRIL;20045;20;-73,278,707;9,704,404;Con Nodo;Región1
CESAR;SAN MARTIN;20770;20;-73,510,914;7,999,855;Con Nodo;Región1
LA GUAJIRA;MANAURE;44560;44;-72,438,739;11,773,767;Tx con Terceros;Región1
CHOCO;RIOSUCIO;27615;27;-77,113,156;7,436,704;Tx con Terceros;Región2
NARIÑO;FRANCISCO PIZARRO;52520;52;-78,658,361;2,040,629;Con Nodo;Por Proyecto
CUNDINAMARCA;SESQUILE;25736;25;-73,796,099;504,476;Con Nodo;Región1
CAUCA;PIAMONTE;19533;19;-76,327,588;111,754;Con Nodo;Región3
CAUCA;LA VEGA;19397;19;-76,778,771;2,001,803;Con Nodo;Región1
CAUCA;TOTORO;19824;19;-76,403,628;2,510,252;Con Nodo;Región3
CAUCA;PIENDAMO;19548;19;-76,528,615;264,228;Sin Nodo;Región2
CAUCA;PURACE;19585;19;-76,496,698;2,341,507;Con Nodo;Región3
CAUCA;SILVIA;19743;19;-76,379,753;2,611,927;Con Nodo;Región2
CAUCA;ARGELIA;19050;19;-7,724,905;2,257,427;Con Nodo;Región1
NARIÑO;MALLAMA;52435;52;-77,864,549;1,141,037;Con Nodo;Región3
CAUCA;CALDONO;19137;19;-76,484,319;2,798,059;Con Nodo;Región2
CAUCA;SUCRE;19785;19;-76,926,279;2,038,237;Con Nodo;Región1
ANTIOQUIA;PUERTO TRIUNFO;5591;5;-7,464,119;5,871,318;Tx con Terceros;Región2
HUILA;ALTAMIRA;41026;41;-75,788,471;2,063,841;Con Nodo;Región1
BOLIVAR;NOROSI;13490;13;-74,038,003;8,526,259;Con Nodo;Región1
BOLIVAR;TIQUISIO;13810;13;-74,262,922;8,558,666;Con Nodo;Región1
CAUCA;ALMAGUER;19022;19;-7,685,607;1,913,429;Con Nodo;Región2
BOYACA;CUCAITA;15224;15;-73,454,338;5,544,452;Con Nodo;Región1
TOLIMA;PIEDRAS;73547;73;-74,878,106;4,543,951;Con Nodo;Región2
CUNDINAMARCA;PARATEBUENO;25530;25;-73,212,825;4,374,832;Con Nodo;Región1
CHOCO;MEDIO SAN JUAN;27450;27;-76,694,409;5,098,291;Con Nodo;Región3
CHOCO;RIO IRO;27580;27;-76,472,925;51,863;Con Nodo;Región2
ANTIOQUIA;MUTATA;5480;5;-76,435,875;7,242,875;Tx con Terceros;Región1
CHOCO;SAN JOSE DEL PALMAR;27660;27;-76,234,227;4,896,954;Con Nodo;Región1
BOLIVAR;ZAMBRANO;13894;13;-74,817,879;9,746,306;Con Nodo;Región1
CAUCA;TIMBIO;19807;19;-76,684,476;2,349,686;Con Nodo;Región1
NARIÑO;GUALMATAN;52323;52;-77,568,701;0,919652;Con Nodo;Región1
MAGDALENA;REMOLINO;47605;47;-74,716,172;10,701,952;Con Nodo;Región1
MAGDALENA;EL RETEN;47268;47;-74,268,444;10,610,488;Con Nodo;Región1
MAGDALENA;SALAMINA;47675;47;-74,794,189;10,491,229;Con Nodo;Región1
NARIÑO;BUESACO;52110;52;-77,156,463;1,381,453;Con Nodo;Región1
CUNDINAMARCA;ZIPACON;25898;25;-74,379,566;4,759,932;Con Nodo;Región1
ANTIOQUIA;SAN FRANCISCO;5652;5;-75,101,562;5,963,476;Con Nodo;Región1
NARIÑO;YACUANQUER;52885;52;-77,400,169;1,115,937;Con Nodo;Región1
NARIÑO;SAN LORENZO;52687;52;-7,721,542;1,503,362;Con Nodo;Región1
NARIÑO;PUERRES;52573;52;-77,504,211;0,885125;Con Nodo;Región3
NARIÑO;LA TOLA;52390;52;-78,189,725;2,398,999;Con Nodo;Región3
NARIÑO;MOSQUERA;52473;52;-78,452,992;2,507,139;Con Nodo;Región1
NARIÑO;OLAYA HERRERA;52490;52;-78,325,814;2,347,457;Con Nodo;Región3
CAUCA;SOTARA;19760;19;-76,613,365;2,253,156;Con Nodo;Región3
BOYACA;SUTATENZA;15778;15;-73,452,317;5,022,989;Con Nodo;Región2
CUNDINAMARCA;GUASCA;25322;25;-73,877,143;4,866,719;Con Nodo;Región1
CUNDINAMARCA;TABIO;25785;25;-74,096,461;4,916,832;Sin Nodo;Región1
NARIÑO;LINARES;52411;52;-77,523,953;1,350,814;Con Nodo;Región1
META;BARRANCA DE UPIA;50110;50;-72,961,083;4,566,225;Sin Nodo;Región2
META;MAPIRIPAN;50325;50;-72,135,509;2,896,617;Con Nodo;Región2
NARIÑO;EL CHARCO;52250;52;-78,110,217;2,479,688;Con Nodo;Por Proyecto
NARIÑO;EL TAMBO;52260;52;-77,390,772;1,407,913;Con Nodo;Región1
CAUCA;BUENOS AIRES;19110;19;-76,642,238;3,015,382;Con Nodo;Región3
CAUCA;SUAREZ;19780;19;-7,669,357;2,959,785;Con Nodo;Región1
BOLIVAR;MARGARITA;13440;13;-74,286,785;9,153,489;Con Nodo;Región1
CESAR;LA GLORIA;20383;20;-7,380,321;8,619,298;Sin Nodo;Región1
SUCRE;LA UNION;70400;70;-75,276,056;8,853,975;Con Nodo;Región1
CUNDINAMARCA;SUSA;25779;25;-73,813,938;5,455,291;Con Nodo;Región2
SANTANDER;SAN ANDRES;68669;68;-72,848,864;6,811,511;Con Nodo;Región2
BOLIVAR;SAN JACINTO DEL CAUCA;13655;13;-74,721,156;825,158;Con Nodo;Región1
BOYACA;CHIQUIZA;15232;15;-73,449,463;5,639,834;Con Nodo;Región2
BOYACA;SACHICA;15638;15;-73,542,539;5,584,305;Sin Nodo;Región1
BOYACA;SUTAMARCHAN;15776;15;-73,620,536;5,619,781;Con Nodo;Región1
CUNDINAMARCA;JERUSALEN;25368;25;-74,695,474;4,562,273;Con Nodo;Región3
BOLIVAR;BARRANCO DE LOBA;13074;13;-74,104,391;8,947,787;Con Nodo;Región1
CUNDINAMARCA;QUIPILE;25596;25;-74,533,705;474,481;Con Nodo;Región1
CUNDINAMARCA;VIANI;25867;25;-7,456,132;4,875,208;Con Nodo;Región1
SANTANDER;LOS SANTOS;68418;68;-73,102,739;6,755,203;Con Nodo;Región2
CUNDINAMARCA;APULO;25599;25;-74,593,926;4,520,304;Con Nodo;Región1
MAGDALENA;CHIBOLO;47170;47;-74,622,242;10,026,631;Con Nodo;Región1
SANTANDER;CHARALA;68167;68;-73,146,873;6,284,339;Con Nodo;Región2
VALLE DEL CAUCA;VIJES;76869;76;-76,441,804;3,698,686;Con Nodo;Región1
SANTANDER;BARICHARA;68079;68;-73,223,047;6,634,111;Con Nodo;Región2
BOYACA;SANTA SOFIA;15696;15;-73,602,707;5,713,269;Con Nodo;Región2
BOLIVAR;CLEMENCIA;13222;13;-75,328,469;10,567,452;Con Nodo;Región1
ANTIOQUIA;SAN LUIS;5660;5;-74,993,619;6,043,017;Con Nodo;Región2
CUNDINAMARCA;TIBACUY;25805;25;-74,452,662;4,348,605;Con Nodo;Región1
CAUCA;SANTA ROSA;19701;19;-76,573,252;1,700,916;Con Nodo;Región3
TOLIMA;PALOCABILDO;73520;73;-75,022,167;5,120,918;Con Nodo;Región3
CAUCA;ROSAS;19622;19;-76,740,336;2,260,941;Con Nodo;Región1
CAUCA;CORINTO;19212;19;-76,261,866;3,173,854;Con Nodo;Región2
CORDOBA;SAN ANDRES SOTAVENTO;23670;23;-7,550,879;9,145,448;Sin Nodo;Región1
MAGDALENA;GUAMAL;47318;47;-74,223,689;9,144,354;Con Nodo;Región1
NARIÑO;PUPIALES;52585;52;-77,636,042;0,870442;Con Nodo;Región2
BOLIVAR;TALAIGUA NUEVO;13780;13;-74,567,479;930,403;Con Nodo;Región1
BOLIVAR;SAN ESTANISLAO;13647;13;-75,153,101;10,398,602;Con Nodo;Región1
MAGDALENA;TENERIFE;47798;47;-74,859,783;9,898,273;Con Nodo;Región1
BOLIVAR;ALTOS DEL ROSARIO;13030;13;-74,164,905;8,791,865;Con Nodo;Región1
CAUCA;LOPEZ;19418;19;-77,247,803;2,846,788;Con Nodo;Por Proyecto
CORDOBA;CANALETE;23090;23;-76,241,476;8,786,939;Con Nodo;Región1
LA GUAJIRA;URUMITA;44855;44;-73,012,507;10,560,169;Con Nodo;Región1
NARIÑO;LA CRUZ;52378;52;-76,970,504;1,601,318;Con Nodo;Región1
PUTUMAYO;VILLAGARZON;86885;86;-7,661,721;1,028,821;Con Nodo;Región2
VALLE DEL CAUCA;ULLOA;76845;76;-75,737,808;4,703,623;Con Nodo;Región1
CUNDINAMARCA;TOCAIMA;25815;25;-74,636,296;4,459,279;Con Nodo;Región1
ANTIOQUIA;GRANADA;5313;5;-75,184,446;6,142,892;Con Nodo;Región2
PUTUMAYO;PUERTO GUZMAN;86571;86;-76,407,663;0,962854;Con Nodo;Región2
SANTANDER;BETULIA;68092;68;-73,283,669;6,899,525;Con Nodo;Región2
SANTANDER;BOLIVAR;68101;68;-73,771,346;5,988,953;Con Nodo;Región1
SANTANDER;GAMBITA;68298;68;-73,344,185;5,945,998;Con Nodo;Región3
SUCRE;OVEJAS;70508;70;-75,229,037;9,527,176;Sin Nodo;Región1
TOLIMA;ANZOATEGUI;73043;73;-75,093,772;4,631,756;Con Nodo;Región2
NARIÑO;SAN PABLO;52693;52;-77,013,984;1,669,429;Con Nodo;Región1
BOYACA;TOTA;15822;15;-72,985,898;5,560,497;Con Nodo;Región2
NARIÑO;ILES;52352;52;-77,521,227;0,96952;Con Nodo;Región1
NARIÑO;TANGUA;52788;52;-77,393,735;109,482;Con Nodo;Región1
BOLIVAR;PINILLOS;13549;13;-74,462,279;8,914,947;Con Nodo;Región1
BOYACA;ARCABUCO;15051;15;-73,437,503;5,755,673;Con Nodo;Región1
CORDOBA;PUERTO ESCONDIDO;23574;23;-76,260,411;9,005,372;Sin Nodo;Región1
CUNDINAMARCA;AGUA DE DIOS;25001;25;-74,669,221;4,375,309;Con Nodo;Región1
CUNDINAMARCA;ARBELAEZ;25053;25;-74,414,901;4,272,534;Con Nodo;Región1
CUNDINAMARCA;PASCA;25535;25;-74,302,276;4,308,979;Con Nodo;Región2
HUILA;ELIAS;41244;41;-75,938,301;2,012,854;Con Nodo;Región1
NARIÑO;CUMBITARA;52233;52;-77,578,616;1,647,163;Con Nodo;Región3
NARIÑO;FUNES;52287;52;-77,448,913;1,001,159;Con Nodo;Región1
SANTANDER;GUAVATA;68324;68;-73,700,906;5,954,348;Con Nodo;Región2
SANTANDER;GUEPSA;68327;68;-73,575,146;6,025,013;Con Nodo;Región2
SANTANDER;LA PAZ;68397;68;-7,358,959;6,178,509;Con Nodo;Región1
BOYACA;COMBITA;15204;15;-73,323,957;5,634,545;Con Nodo;Región2
LA GUAJIRA;ALBANIA;44035;44;-7,261,232;11,151,628;Tx con Terceros;Región1
NARIÑO;NARIÑO;52480;52;-77,357,972;1,288,979;Con Nodo;Región1
NARIÑO;EL ROSARIO;52256;52;-7,733,417;1,745,309;Con Nodo;Región1
CAUCA;TORIBIO;19821;19;-76,270,284;2,953,017;Con Nodo;Región2
ANTIOQUIA;AMALFI;5031;5;-75,077,501;6,909,655;Tx con Terceros;Región1
ANTIOQUIA;BURITICA;5113;5;-75,907;6,720,759;Tx con Terceros;Región1
ANTIOQUIA;ITUANGO;5361;5;-75,764,673;7,171,629;Tx con Terceros;Región1
VALLE DEL CAUCA;ARGELIA;76054;76;-76,119,905;4,726,945;Con Nodo;Región1
VALLE DEL CAUCA;EL CAIRO;76246;76;-76,221,611;4,760,874;Con Nodo;Región1
VALLE DEL CAUCA;EL DOVIO;76250;76;-76,237,084;4,510,452;Con Nodo;Región1
PUTUMAYO;SANTIAGO;86760;86;-77,002,641;1,147,076;Con Nodo;Región2
CUNDINAMARCA;GRANADA;25312;25;-74,350,766;4,519,763;Con Nodo;Región1
NARIÑO;CHACHAGUI;52240;52;-77,281,869;1,360,545;Con Nodo;Región1
CESAR;PUEBLO BELLO;20570;20;-73,586,211;10,417,321;Con Nodo;Región1
PUTUMAYO;COLON;86219;86;-76,972,566;1,190,133;Con Nodo;Región2
MAGDALENA;SAN SEBASTIAN DE BUENAVISTA;47692;47;-74,351,498;9,241,656;Con Nodo;Región1
MAGDALENA;SANTA ANA;47707;47;-74,566,845;9,324,294;Con Nodo;Región1
QUINDIO;CORDOBA;63212;63;-75,687,866;4,392,485;Con Nodo;Región2
BOLIVAR;MAHATES;13433;13;-75,191,643;10,233,285;Con Nodo;Región1
SUCRE;EL ROBLE;70233;70;-75,198,378;9,100,647;Con Nodo;Región1
SUCRE;CHALAN;70230;70;-75,312,697;9,545,352;Con Nodo;Región1
PUTUMAYO;PUERTO CAICEDO;86569;86;-76,606,118;0,687784;Con Nodo;Región2
NARIÑO;OSPINA;52506;52;-77,566,082;1,058,433;Con Nodo;Región1
NARIÑO;MAGUI;52427;52;-78,182,924;1,765,633;Con Nodo;Región3
NARIÑO;LA LLANADA;52385;52;-7,758,091;1,472,892;Con Nodo;Región1
NARIÑO;EL TABLON DE GOMEZ;52258;52;-77,097,101;1,427,277;Con Nodo;Región1
NARIÑO;EL PEÑOL;52254;52;-77,438,522;1,453,567;Con Nodo;Región1
NARIÑO;CONTADERO;52210;52;-77,549,409;0,910458;Con Nodo;Región1
NARIÑO;COLON;52203;52;-77,019,777;1,643,878;Con Nodo;Región2
NARIÑO;ALBAN;52019;52;-77,080,712;1,474,978;Con Nodo;Región1
MAGDALENA;ZAPAYAN;47960;47;-74,716,878;10,168,297;Con Nodo;Región1
MAGDALENA;PIJIÑO DEL CARMEN;47545;47;-74,459,034;9,331,922;Con Nodo;Región1
MAGDALENA;NUEVA GRANADA;47460;47;-74,391,841;980,186;Con Nodo;Región1
MAGDALENA;CERRO SAN ANTONIO;47161;47;-74,868,474;10,325,531;Con Nodo;Región1
LA GUAJIRA;LA JAGUA DEL PILAR;44420;44;-73,072,638;10,511,862;Con Nodo;Región1
LA GUAJIRA;DISTRACCION;44098;44;-72,887,405;10,898,414;Con Nodo;Región1
CORDOBA;TUCHIN;23815;23;-75,553,962;9,186,625;Con Nodo;Región1
BOLIVAR;SAN CRISTOBAL;13620;13;-75,065,076;10,392,836;Con Nodo;Región1
BOLIVAR;RIO VIEJO;13600;13;-73,840,466;858,795;Con Nodo;Región1
BOLIVAR;HATILLO DE LOBA;13300;13;-74,077,912;8,956,014;Con Nodo;Región1
BOYACA;FIRAVITOBA;15272;15;-72,993,392;5,668,885;Con Nodo;Región2
META;EL DORADO;50270;50;-73,835,264;3,739,984;Con Nodo;Región2
BOLIVAR;EL GUAMO;13248;13;-74,976,084;10,030,958;Sin Nodo;Región1
MAGDALENA;PEDRAZA;47541;47;-749,154;1,018,825;Con Nodo;Región1
CASANARE;SABANALARGA;85300;85;-73,038,696;4,854,787;Con Nodo;Región1
CORDOBA;SAN JOSE DE URE;23682;23;-75,533,476;7,787,303;Con Nodo;Región1
CUNDINAMARCA;GUATAQUI;25324;25;-74,790,058;4,517,517;Con Nodo;Región1
CALDAS;LA MERCED;17388;17;-75,546,486;539,647;Con Nodo;Región1
CUNDINAMARCA;GUTIERREZ;25339;25;-74,003,042;4,254,679;Con Nodo;Región3
CORDOBA;LOS CORDOBAS;23419;23;-7,635,518;8,892,098;Con Nodo;Región1
CUNDINAMARCA;GUAYABAL DE SIQUIMA;25328;25;-74,467,437;4,877,968;Con Nodo;Región1
CUNDINAMARCA;TIBIRITA;25807;25;-73,504,514;5,052,278;Con Nodo;Región1
SANTANDER;JORDAN;68370;68;-73,096,053;6,732,727;Con Nodo;Región2
BOLIVAR;EL PEÑON;13268;13;-73,949,274;8,988,271;Con Nodo;Región1
BOLIVAR;SAN FERNANDO;13650;13;-74,323,811;9,214,183;Con Nodo;Región1
BOLIVAR;CANTAGALLO;13160;13;-73,914,605;7,378,678;Con Nodo;Región2
BOLIVAR;REGIDOR;13580;13;-73,821,638;8,666,258;Con Nodo;Región1
CASANARE;CHAMEZA;85015;85;-7,287,016;5,214,527;Con Nodo;Región1
BOYACA;TUNUNGUA;15832;15;-73,933,155;5,730,582;Con Nodo;Región3
BOYACA;ALMEIDA;15022;15;-73,378,933;4,970,857;Con Nodo;Región3
BOYACA;BERBEO;15090;15;-7,312,721;5,227,451;Con Nodo;Región3
BOYACA;BETEITIVA;15092;15;-72,809,014;5,909,978;Con Nodo;Región3
BOYACA;BUSBANZA;15114;15;-72,884,158;5,831,393;Con Nodo;Región2
BOYACA;CIENEGA;15189;15;-73,296,049;5,408,694;Con Nodo;Región2
BOYACA;CUITIVA;15226;15;-72,965,923;5,580,367;Con Nodo;Región2
BOYACA;FLORESTA;15276;15;-72,918,111;5,859,519;Con Nodo;Región2
BOYACA;IZA;15362;15;-72,979,559;5,611,577;Con Nodo;Región2
BOYACA;PACHAVITA;15511;15;-73,396,953;5,140,065;Con Nodo;Región2
BOYACA;QUIPAMA;15580;15;-74,180,033;552,055;Con Nodo;Región3
BOYACA;SAN JOSE DE PARE;15664;15;-73,545,397;6,018,924;Con Nodo;Región2
BOYACA;SAN MIGUEL DE SEMA;15676;15;-73,722,009;5,518,083;Con Nodo;Región2
BOYACA;SATIVASUR;15723;15;-72,712,435;6,093,183;Con Nodo;Región3
BOYACA;SORA;15762;15;-73,450,153;556,684;Con Nodo;Región1
BOYACA;TINJACA;15808;15;-73,646,847;5,579,713;Con Nodo;Región3
BOYACA;TOPAGA;15820;15;-72,832,245;5,768,201;Con Nodo;Región2
BOYACA;TUTAZA;15839;15;-72,856,035;6,032,608;Con Nodo;Región3
BOYACA;ZETAQUIRA;15897;15;-7,317,098;5,283,443;Con Nodo;Región2
CHOCO;CARMEN DEL DARIEN;27150;27;-76,970,798;7,158,294;Tx con Terceros;Región2
CUNDINAMARCA;BITUIMA;25095;25;-74,539,609;4,872,171;Con Nodo;Región1
CUNDINAMARCA;PULI;25580;25;-7,471,438;4,682,022;Con Nodo;Región3
CUNDINAMARCA;QUEBRADANEGRA;25592;25;-7,448,014;5,118,076;Con Nodo;Región1
CUNDINAMARCA;EL PEÑON;25258;25;-74,290,207;5,248,747;Con Nodo;Región1
LA GUAJIRA;DIBULLA;44090;44;-73,307,598;1,127,155;Tx con Terceros;Región1
SANTANDER;SAN BENITO;68673;68;-7,350,907;6,126,656;Con Nodo;Región1
SANTANDER;CHIMA;68176;68;-73,373,656;6,344,348;Con Nodo;Región1
SANTANDER;CHIPATA;68179;68;-73,637,111;6,062,521;Con Nodo;Región2
SANTANDER;CABRERA;68121;68;-73,246,475;6,592,118;Con Nodo;Región1
SANTANDER;ONZAGA;68502;68;-72,816,766;6,344,104;Con Nodo;Región2
SANTANDER;SANTA BARBARA;68705;68;-72,907,445;6,990,996;Con Nodo;Región1
SANTANDER;AGUADA;68013;68;-73,523,132;6,162,355;Con Nodo;Región2
NARIÑO;ARBOLEDA;52051;52;-77,135,467;1,503,418;Con Nodo;Región1
CAQUETA;ALBANIA;18029;18;-75,878,375;1,328,526;Con Nodo;Región1
CUNDINAMARCA;BELTRAN;25086;25;-74,741,666;4,802,832;Con Nodo;Región1
TOLIMA;FALAN;73270;73;-74,953,007;5,123,104;Con Nodo;Región2
TOLIMA;SUAREZ;73770;73;-74,831,885;4,048,891;Con Nodo;Región2
TOLIMA;VILLARRICA;73873;73;-74,600,285;3,936,902;Con Nodo;Región2
SUCRE;SAN JUAN DE BETULIA;70702;70;-75,243,565;9,273,066;Con Nodo;Región1
SANTANDER;PINCHOTE;68549;68;-73,174,209;6,531,552;Con Nodo;Región2
SANTANDER;SUCRE;68773;68;-73,790,975;5,918,743;Con Nodo;Región1
SANTANDER;CURITI;68229;68;-73,069,383;6,605,099;Con Nodo;Región2
SANTANDER;ENCINO;68264;68;-73,098,749;6,137,429;Con Nodo;Región3
SANTANDER;COROMORO;68217;68;-73,040,816;6,294,999;Con Nodo;Región3
CESAR;GONZALEZ;20310;20;-7,338,004;8,389,604;Con Nodo;Región2
CAUCA;GUACHENE;19300;19;-76,392,189;3,134,153;Con Nodo;Región2
CALDAS;SAN JOSE;17665;17;-75,792,063;508,231;Con Nodo;Región2
CAUCA;PADILLA;19513;19;-76,313,265;3,220,984;Con Nodo;Región2
SUCRE;GALERAS;70235;70;-7,504,959;9,160,379;Con Nodo;Región1
QUINDIO;BUENAVISTA;63111;63;-75,739,572;4,360,029;Con Nodo;Región2
SANTANDER;CONFINES;68209;68;-73,240,554;6,357,327;Con Nodo;Región2
SANTANDER;EL GUACAMAYO;68245;68;-73,496,908;6,245,111;Con Nodo;Región3
SANTANDER;GUAPOTA;68322;68;-73,320,732;6,308,635;Con Nodo;Región2
SANTANDER;SIMACOTA;68745;68;-73,337,368;6,443,469;Con Nodo;Región2
SANTANDER;CEPITA;68160;68;-72,973,536;6,753,518;Con Nodo;Región3
CUNDINAMARCA;NARIÑO;25483;25;-74,824,732;4,399,837;Con Nodo;Región2
CUNDINAMARCA;VERGARA;25862;25;-74,346,163;5,117,258;Con Nodo;Región3
NORTE DE SANTANDER;SANTIAGO;54680;54;-72,716,203;7,865,856;Con Nodo;Región3
BOLIVAR;SANTA CATALINA;13673;13;-75,287,855;10,605,294;Con Nodo;Región1
CORDOBA;COTORRA;23300;23;-75,799,216;9,037,163;Con Nodo;Región1
CUNDINAMARCA;FOSCA;25281;25;-7,393,902;4,339,093;Con Nodo;Región2
CUNDINAMARCA;VENECIA;25506;25;-74,478,301;4,089,056;Con Nodo;Región3
PUTUMAYO;SAN FRANCISCO;86755;86;-76,879,283;1,174,194;Con Nodo;Región2
NARIÑO;SAN PEDRO DE CARTAGO;52694;52;-7,711,941;1,551,572;Con Nodo;Región1
NARIÑO;ANCUYA;52036;52;-77,514,512;1,263,276;Con Nodo;Región1
SANTANDER;GUACA;68318;68;-72,856,322;6,876,563;Con Nodo;Región2
SANTANDER;HATO;68344;68;-73,308,399;6,543,957;Sin Nodo;Región2
SANTANDER;OCAMONTE;68498;68;-73,122,563;6,339,988;Con Nodo;Región2
SANTANDER;PALMAR;68522;68;-7,329,109;6,537,789;Con Nodo;Región2
SANTANDER;PARAMO;68533;68;-7,317,022;6,416,811;Con Nodo;Región2
SANTANDER;SAN JOAQUIN;68682;68;-72,867,638;6,427,548;Con Nodo;Región2
SANTANDER;VALLE DE SAN JOSE;68855;68;-73,143,507;6,448,028;Con Nodo;Región2
NORTE DE SANTANDER;SAN CAYETANO;54673;54;-72,625,459;7,875,695;Con Nodo;Región2
ANTIOQUIA;CAMPAMENTO;5134;5;-75,298,091;6,979,771;Tx con Terceros;Región2
NARIÑO;SANTACRUZ;52699;52;-77,677,035;1,222,589;Con Nodo;Región2
ANTIOQUIA;EL BAGRE;5250;5;-74,799,097;75,975;Sin Nodo;Región1
ANTIOQUIA;SALGAR;5642;5;-75,976,807;5,964,198;Sin Nodo;Región2
GUAINIA;BARRANCO MINAS;94343;94;-69,814,066;3,494,178;Sin Nodo;Región2
GUAVIARE;MIRAFLORES;95200;95;-71,950,416;1,337,539;Sin Nodo;Región1
ANTIOQUIA;ANORI;5040;5;-75,148,355;7,074,703;Tx con Terceros;Región1
ANTIOQUIA;PEQUE;5543;5;-75,910,357;7,021,029;Tx con Terceros;Región2
ANTIOQUIA;SABANALARGA;5628;5;-75,816,645;6,850,028;Tx con Terceros;Región1
ANTIOQUIA;SAN ANDRES DE CUERQUIA;5647;5;-75,674,564;6,916,676;Tx con Terceros;Región2
ANTIOQUIA;SAN JOSE DE LA MONTAÑA;5658;5;-75,683,352;685,009;Tx con Terceros;Región1
ANTIOQUIA;TOLEDO;5819;5;-75,692,281;7,010,328;Tx con Terceros;Región2
MAGDALENA;CONCORDIA;47205;47;-7,483,303;10,257,314;Con Nodo;Región1
NARIÑO;ALDANA;52022;52;-77,700,564;0,882381;Con Nodo;Región1
NARIÑO;POTOSI;52560;52;-77,573,003;0,806639;Con Nodo;Región1
NARIÑO;SAPUYES;52720;52;-7,762,028;1,037,536;Con Nodo;Región1
BOLIVAR;VILLANUEVA;13873;13;-75,275,613;10,444,089;Con Nodo;Región1
MAGDALENA;SANTA BARBARA DE PINTO;47720;47;-74,704,667;9,432,263;Con Nodo;Región1
NARIÑO;CUASPUD;52224;52;-77,728,947;0,862978;Con Nodo;Región1
NARIÑO;GUAITARILLA;52320;52;-77,549,824;1,129,574;Con Nodo;Región1
SUCRE;COLOSO;70204;70;-75,353,256;9,494,192;Con Nodo;Región1
CUNDINAMARCA;SOPO;25758;25;-73,943,328;4,915,395;Sin Nodo;Región1
CUNDINAMARCA;COTA;25214;25;-74,102,569;4,812,564;Sin Nodo;Región1
VALLE DEL CAUCA;YOTOCO;76890;76;-76,382,698;3,861,241;Sin Nodo;Región2
NARIÑO;ROBERTO PAYAN;52621;52;-78,245,716;1,697,492;Con Nodo;Por Proyecto
ARCHIPIELAGO DE SAN ANDRES;PROVIDENCIA;88564;88;-81,368,386;13,373,185;Sin Nodo;Región2
ANTIOQUIA;PUERTO NARE;5585;5;-74,583,012;6,186,025;Tx con Terceros;Región2
ANTIOQUIA;GIRALDO;5306;5;-75,952,158;6,680,808;Tx con Terceros;Región1
ANTIOQUIA;VALPARAISO;5856;5;-75,624,452;5,614,555;Tx con Terceros;Región2
ANTIOQUIA;CONCEPCION;5206;5;-75,257,587;6,394,348;Tx con Terceros;Región2
ANTIOQUIA;TITIRIBI;5809;5;-75,791,887;6,062,391;Tx con Terceros;Región2
ANTIOQUIA;CARAMANTA;5145;5;-75,643,868;554,853;Tx con Terceros;Región2
NARIÑO;CONSACA;52207;52;-77,466,136;1,207,854;Con Nodo;Región1
NARIÑO;LA FLORIDA;52381;52;-77,402,882;129,753;Con Nodo;Región1
GUAINIA;MORICHAL;94888;94;-69,919,404;2,265,132;Sin Nodo;Región2
ANTIOQUIA;GOMEZ PLATA;5310;5;-75,220,018;6,683,269;Tx con Terceros;Región1
CUNDINAMARCA;COGUA;25200;25;-73,978,497;5,061,842;Sin Nodo;Región1
BOLIVAR;SAN JUAN NEPOMUCENO;13657;13;-75,081,761;9,953,751;Sin Nodo;Región1
NARIÑO;IMUES;52354;52;-77,496,339;105,506;Con Nodo;Región1
ANTIOQUIA;BETULIA;5093;5;-75,984,452;6,115,208;Sin Nodo;Región2
CHOCO;SIPI;27745;27;;;;
CHOCO;EL LITORAL DEL SAN JUAN;27250;27;;;;
CHOCO;JURADO;27372;27;;;;
CHOCO;BAHIA SOLANO;27075;27;;;;
CHOCO;NUQUI;27495;27;;;;
CHOCO;UNGUIA;27800;27;;;;
